X0,X1,X2,X3,regime
0.4967141530112327,-0.13826430117118466,0.6476885381006925,1.5230298564080254,0
-0.07694700387019829,-0.09513611598744667,1.9873024766510383,1.5289496573569215,0
-0.5287940222792654,1.1006963401862975,0.30841919668689355,0.29874507510820386,0
0.36065356471021714,-1.3804759495772108,-1.760188360522055,-0.41291499168687074,0
-1.2827124793235,-0.7659995553922267,-1.5039033503169676,-1.6187611971787268,0
0.722763910574486,-0.9833471277385166,-0.9188468792359132,-2.23412878480282,0
-0.5502812986169432,-0.5580703251563145,-1.3017031559443224,-0.7413663740557381,0
-0.9881723069124766,-0.9054328266390993,-1.2874722641922087,1.4815949974810687,0
-0.6803959954946543,-1.8061257388692027,0.011104314352562539,-0.4800461512304879,0
-0.6051325248538671,-2.678789125121688,-1.5278631218058019,-0.04316183974612042,0
-0.3072231674826429,-1.3585063054004451,-0.9083332885667215,-0.322684615462349,0
-2.008963148980618,-1.535746717124903,-0.9161390366312689,0.8957799184877412,0
-0.9206909851612568,-2.6521805532020757,-0.645060589951898,0.06280767882755406,0
-1.8408525603310841,-0.6427141094255319,0.4967679909668148,0.9626839585299756,0
-1.7683727801827318,-0.4172676223313829,-0.02228514030903528,1.456887106387347,0
-1.3117036366177977,-0.35925156768908084,-1.6457608641844619,-0.4677630708869973,0
0.1800688974403546,0.7188111422398521,-1.123825558239458,0.7696513624485255,0
0.6493069266957316,-0.6947429651810209,-0.03411394855526295,1.922862247690232,0
0.015473842014034914,1.276512285175019,-2.43859860550313,1.7833336282203398,0
0.47619029059629087,-0.5199820180467989,-0.8790365130615393,-1.095902100490723,0
-0.18519037701303526,-0.11459118962543496,1.2691365266957877,-1.066221268519009,0
-0.9169471105860322,-0.1668525614259742,1.3674996152764787,-0.20435952459981999,0
-0.9465948164292439,0.85677629312591,0.36899326228282225,0.8664652282329792,0
-0.8236581325112771,0.12574634933744244,-0.5284892931478019,-1.030282334015629,0
0.004380928861297928,0.15280702397052573,-0.453379700370043,-0.7497283003829615,0
-1.3677762633147375,-0.4955364232881616,-0.5227521180163973,-1.1771414194130996,0
-0.8570571439783526,0.04901065209435457,1.26675217500955,-0.41399289687471086,0
-0.07056927124027035,0.3251839975744396,-1.6691874884887272,-0.2335103238865723,0
0.12955770071725017,2.092559464968444,-0.8812067415486945,0.1847921803903263,0
0.64487915007219,-0.5960162740967627,0.8292074281107178,0.8443291228819373,0
0.870178724842894,-0.8990317360002287,1.9279410272020434,-0.9796865013513123,0
0.6652190629373593,2.4092252395705,0.041693703202997257,-1.056140980278428,0
1.0885065621337349,0.4727225526729001,-1.334420230903726,-0.4595075153331867,0
-0.4850843230707409,0.2623553824332238,-1.1266403579551731,1.320180647350946,0
-0.8985804068345663,-0.555111470618938,0.2173357772663782,-0.5707739927584822,0
-0.2985056693153786,1.1502988992147665,-1.790123045705046,-0.10075313784693687,0
0.48557019628670206,0.7049055177517032,-2.042551629954714,-1.3708331820077448,0
0.9276412994570894,-0.03381860865254693,-0.4208567427499985,-0.33896838150689673,0
-0.31911378439141913,0.09246923087498524,0.40302216603580865,-0.8838356087798162,0
1.7658697666506844,0.6317272630725242,-1.1258287661057509,0.21463580424392165,0
-0.07881558464529037,0.7020268791397365,1.238025002560309,-0.7133644162297497,0
1.1424579591281265,1.0649991793604856,1.2936254856250264,1.5401107745390725,0
0.5310948214565258,0.06035115307421268,-0.029326847637074716,-0.04575489769590202,0
0.15344156509076995,0.35649438175520654,0.4242885067121469,0.8043058001880727,0
0.18132683244077696,1.7234183818730435,-0.04890896102586634,3.122322066683655,0
1.21522359530323,-0.18246289197482501,-1.0360580327392257,2.043633448585013,0
0.2078877852029936,0.3301979274803943,0.42338149006882353,0.9489878116356337,0
-0.6645792257430893,-1.25575360667306,-0.21479602047859359,1.3308927001412891,0
-0.4284640281689497,-1.8124790275247902,-0.11211125006318223,1.0507637297994814,0
-1.59898675572615,-0.604899880083343,-0.1151749900299579,-0.6175884329308824,0
-0.46327730596717953,0.2842720773259098,0.5572852204454489,0.7450078355694618,0
-1.47769866714619,-0.6569306428511241,0.5989661635966855,0.8862898686969397,0
-0.27311097340776536,3.7696490825932774,0.3671673759879842,1.5787105745290688,0
1.9756520989080795,2.2694010971395047,-0.25033558626748154,1.5483245077578018,0
0.6982559541675113,0.5958411562355486,0.007197847336327778,0.8560363932652235,0
2.7727132952111777,-1.6267693758966302,0.898616115559298,-1.18469767455704,0
0.14912263952604865,0.7078276812765033,1.2555404538825354,-1.670093615207826,0
-0.44330634906659777,1.3393909576100378,-0.18341365830630796,-0.6185882180219382,0
0.270066587560186,-0.17086806205369431,1.9375867212828233,0.32462491330704213,0
-1.968376370249641,0.6993831063327969,0.1942682000127972,1.014745791449745,0
-1.3700563546327182,0.22329726107005896,-0.00781835208931636,1.373128089894994,0
-1.6813297705878458,-0.2475278370397197,-0.8890895583864982,0.033234812373785116,0
1.0186639809340425,0.039243708629118246,-2.1209187088659984,0.9344793532416686,0
2.5413949019749857,0.4118871313429947,-2.0621382552202,-0.016994396245417043,0
2.4070352493795157,-1.161556089647643,0.381382596650644,0.7661368553066282,0
-0.3125831987205695,-0.40973301292566405,-2.36660372659496,-0.6413192136809758,0
-0.5005213347590873,-2.1216575051136033,0.5919948536774804,-1.7508009848011206,0
-1.2767502721346997,-0.5403239686561059,1.5279148301093814,-2.3112626435799997,0
0.49036645270424795,0.2524779225899591,-0.7533678006446083,-0.693527847526729,0
0.47094965343215694,-0.7252360483161935,-0.08443509945655003,-0.7320775206251247,0
0.08432639212925278,0.3467057253576043,1.6935276723923791,-1.6038542591394114,0
2.270775649115249,-1.3053472076617465,0.5509238915601442,-0.21360992308512916,0
0.7976979650826084,-0.9795612354172492,0.6934800010013571,-0.5998058962013975,0
-0.5641539415363429,0.6658216031545321,0.8737168758903726,-0.9928125433613529,0
0.8736847797650732,0.8357432249055339,0.9931026867342063,0.13322257024293577,0
-0.22879813154438278,0.07204705578550596,1.4066401137464664,0.6769815505549327,0
-0.09080672984624946,0.5681382397469242,1.7716815018236967,-0.2530806135583636,0
0.6812161611556153,0.5565670940119846,0.4637493785483836,0.9722365452080083,0
1.2648729416538713,1.1752612871699475,1.695343406920367,0.5071221142367632,0
1.5404805341074967,0.668440780350633,1.3817655977527503,0.12341800275069703,0
0.9137204127409069,1.277063016902992,0.19662971609987656,2.154096277060809,0
-0.25741031133244163,-0.6443744911965724,1.5108788837622904,1.8687108324933404,0
0.32784334516020674,0.8238593779143379,0.5148816872582691,0.03710104476083864,0
0.45409970963211044,-0.19315345416889573,1.2794254118691208,-0.12850685912171933,0
-0.701803349190336,-0.014819599759815505,1.0609315319129058,-0.6279779823648344,0
-1.1073876151705107,0.5560388311618578,0.45879817911678433,-0.820932166553547,0
-0.7471817023379697,0.5921049235574147,-1.5967813544017635,-1.8179298576533287,0
-0.8396854251203995,-0.45563958860941034,-0.5519594868640918,0.5663912881228876,0
0.3850935765710365,-0.5077822114664188,-0.4917056301844454,-0.719333720576365,0
-0.016810368803900962,-0.6392832125620395,0.24156438123562224,-1.1868978038405054,0
0.32083740295100005,1.3494949423484486,-0.01717750660377898,-0.19173717982131122,0
1.223327435596047,0.13342425307240952,0.3134727000542052,-0.08327618912886076,0
0.6270343487089735,-0.6255982726102411,0.5168974849594389,0.45636019668101935,0
1.5142778654955587,0.8641007625289421,2.548051756108024,-0.5391674645475398,0
1.7372620116775843,1.2933978375823356,3.6633069953095494,-1.0778820176289214,0
0.24320231376495827,1.0169585881817769,-0.13739432268271168,-1.0646960304952218,0
-0.3567641595931816,0.5159589249441049,0.35975894083356225,1.3438228239682752,1
0.9625058518320091,-0.2625924034346925,-0.8615403428928875,1.1638305834906433,1
-1.0140085873182463,1.4679597016126105,1.1235757391137347,0.11273963964061684,1
-1.678350053534393,2.2781289765445774,0.030687874197402112,1.2941861317937702,1
-1.5823289872447512,0.3210829299232788,-0.48598616666317385,0.6940736596616272,1
-1.2287929163760962,0.7512831043168102,-1.1656900170708804,-0.010545871155594772,1
-0.7209285399598038,0.8149520757854731,0.47072380255558066,-1.4785674454213713,1
-1.6812684459528695,1.6036576522126984,0.7650891557374658,-1.198696373958428,1
1.1081713438626148,0.757137695177938,1.9664301420226222,-0.1824333214520225,1
3.09394550503382,2.05819592051438,0.764749216883357,1.4885266649803333,1
2.1123789166636824,2.1919099257381007,-0.04156499767244781,1.5108868910555797,1
1.8909065542133265,-0.881975516127874,-0.542311534013324,-1.447346920639603,1
0.32426232703677565,0.3647520493448127,1.0208397836523364,-0.6675374480400633,1
2.064572411481703,-1.2342006384769664,-1.1856209110907763,-0.016310743016943206,1
0.8542081402047557,-0.5263750034848796,-2.911950656019277,-0.45133061004679853,1
-1.8363714412287342,0.4591225474360866,-0.9560945173563264,-1.993997227151858,1
-1.5352438490350853,-0.8755645029145169,-0.3073801399848765,-0.12928492556640292,1
-1.6920376279450409,0.1538207143520376,-0.9158790252407465,-0.9368008444843683,1
-1.0586091187047983,-0.973714036678559,-0.8738547011378694,-1.8473619379548198,1
1.2791250750931091,-0.35422206269969503,-1.3413815994513012,-0.787121274789067,1
-0.0030924994889765522,-0.362658424613101,-0.02865255854700377,0.040244720296287895,1
-0.5403339149702192,-0.7208816104899204,-0.3953102479543758,-2.2944190441811707,1
-1.8499177025729527,1.0785216232485566,1.2705791311725574,-1.2853967316151595,1
0.21776362137835242,0.7426588038429588,3.9106689478988277,0.9865899581402802,1
1.1323885414402226,-0.6584769190632422,0.18061890005484615,1.7713003034929835,1
-0.24920965869176048,-1.685644477222971,-0.7718683999395608,-0.3188422122007477,1
1.3558972516139924,0.20738196606026205,-0.822413344459333,1.1208467340278585,1
0.37300320495541545,-0.7783314149041588,1.2563733293040027,0.7405247339580022,1
-0.5111328735530895,-0.5016712440452717,-0.6065683461344037,-0.7096778385899344,1
0.5397538942700845,1.7087481428520217,-1.7916962854864842,0.09712759741427601,1
-0.9722498970597384,0.19637387337611267,-0.7964479955778564,-1.3626486163600509,1
-0.5793127295524253,-0.7524005670605927,0.010789789561530039,-0.8342319546665143,1
-0.46743620181892087,-1.208523888865835,-0.7981755848618985,0.42493538082760923,1
0.07449003143824284,-1.4609648003448852,-0.5824950951752841,0.6819086002442631,1
-1.8143577970986597,-0.04102572775801905,-1.333911237119426,0.6686135801382793,1
-1.8891756465178087,-1.8212923917677266,-2.173414651058339,-0.08464299241913406,1
-1.1479721522031434,-1.6328335818114992,-0.7771611191762797,-2.3474016545541154,1
-0.7584169952814579,-1.8641496324870563,-1.4525506300161208,-1.124710326258116,1
-1.5995453524013716,-1.130215397224648,-0.13397233253812457,-1.4625411890312314,1
0.15568227134315582,-1.5817930135474774,0.1371506257326386,0.8163604452839704,1
-2.3682264038702354,-1.4296124608894678,0.1573944734093523,0.1646439797903871,1
-0.5289263461539797,-1.1758301710716077,-0.2793361614301995,-0.04260130145311894,1
0.8724106747691556,-0.21591122512743,-0.12688085381835995,-0.5127183351327749,1
-0.17670621031033928,-0.5189226778705929,0.2789264333127239,-0.664136071018881,1
0.30277030276609435,1.8678317274972016,0.8270184733956041,-0.5080000305815764,1
1.570427585289064,0.3390573179773293,-1.1469676275704517,-0.9631807811313534,1
-1.5867111751813656,-0.21589055685037695,-0.3386514764454302,0.9470747115516058,1
-0.4093525392420127,-0.305456751549015,0.629177823550204,-1.9339008673208717,1
0.260626889476822,0.6486824932673608,-1.3185521418244643,0.5589470433436415,1
0.04718152073780363,-0.15581491659385693,0.2999657573567073,2.0987060325945133,1
0.2907285905606288,0.1858946196627933,-0.3861190715757183,0.0796277707800257,1
0.8307915312957816,-0.7817259780437499,-0.02711300551205688,-0.5616420599258218,1
0.8031625366110875,0.02097171406944831,0.7921769486399515,-0.7428071244786929,1
0.2890431639430492,-0.9703750301545281,-0.12113096639929644,0.31783072784536043,1
0.8362665923027827,-1.3103153362394366,0.5300410244995832,1.4464308600233062,1
0.906953847494689,1.3526696780622913,-0.9548673901755707,-0.5070700519522195,1
-1.702398926959074,2.0371121827140994,0.6782196037025169,-0.5448729087440141,1
-0.19752506335305436,-0.3106441742127367,3.328173475912063,0.11473789958837693,1
1.0288368120372902,0.6015089542135973,1.7190853698377175,1.268231226888101,1
0.13678588032091932,0.7120719388214347,2.7501113306742,2.368438147861533,1
2.4729343779700246,-0.22638690090261127,0.32406129365752967,1.646621738247225,1
1.1421170515739634,1.003636758109904,-1.630756182522591,2.285417402856763,1
-0.1903879327061813,-0.025426366703458436,-1.3633158208362328,-1.2299165654798414,1
0.33802066462857217,0.06314742050702052,-1.8429151380865845,-2.196040144506423,1
-0.7534509748646747,1.6942804934922011,-0.9778131804461325,-2.9344335523466505,1
-0.840467408165654,0.40498862764921,-2.5797277670723644,-1.5214122415903124,1
-1.341039823596649,0.8582018158731024,0.9385615764111623,-0.255918197210077,1
-0.5237361470701414,-0.7632451823924293,3.206244978576256,0.23841962805380615,1
0.7663083266577665,-0.32942316006697503,1.2516091974806285,0.9128809328704567,1
0.10834408302705889,-0.6786282052671821,0.3690634607561605,0.19721036125860625,1
-0.5587891112394927,-0.16502105441497603,-0.3109402946985457,1.6935961713129792,1
-2.9677675412983726,1.0254984301564714,1.072202758293718,-1.4892338522925215,1
-1.2081337831115824,0.038758506066797094,-0.6709810623533927,-1.0518494010197685,1
-1.7951236774164796,1.7677738458503416,0.6789135200261431,0.6495210158802335,1
0.2072966490844862,-0.42194223287709254,0.27737729548578605,0.9528570235878544,1
-1.0559959606124152,0.5442215370215511,-0.25595714982694834,0.08953519053128006,1
0.2117744390104409,0.6619519262946603,-0.30008256464339395,1.1183567346286756,1
-1.086378321388739,0.8807163774621278,0.6716538099994243,0.04777148514446178,1
0.09307783668644964,-0.8988270254004518,1.4569034564453092,0.03570260061462294,1
-0.048420848910866954,0.6894784156767085,-0.39123041558477106,-0.9571092191841177,1
-1.6933666377636818,0.8818013176163231,-1.2300779940271789,1.2545813696352863,1
-3.1282994611973485,2.0491768953365677,-0.01647333512335622,0.036096037775568524,1
-1.801180871824896,1.2188068724866978,0.5705290321267794,1.112798296589742,1
-0.435085990429885,0.6378245104565567,0.23024146238286525,0.5593324045528631,1
0.20283981143496474,-1.455038588474003,-1.0647414840155998,1.0360694945587199,1
-0.0674210825027522,-0.7659987717422804,-0.8439742370830475,0.4425870579804791,1
-0.8199203844353766,-1.0847042340992248,-0.37154407125822153,-1.0545302255477547,1
-0.031178619437145283,-2.1364652978775305,0.5551267385925877,-0.06067782918352538,1
0.4100963081167938,0.12810486479450167,1.2465855505363526,1.1566369549224966,1
-1.302860042924022,-1.228335020817901,-0.0877528980427873,0.8627214973407382,1
-0.029810866113321954,-1.217077821480626,-0.2168349009854069,-0.43662020282986347,1
-0.6884926197328991,-1.8934922254404727,-1.3750905529492548,-1.591383157043901,1
-1.6637974667552689,0.29624490643165036,-2.0674827776437867,1.583301636135054,1
-0.7924459191143542,0.30333408626753405,-1.5964774193092333,0.713385700569877,1
-1.3715594196762857,0.24334344915237505,2.0124937964253613,-0.289648845289469,1
1.20439769734277,-0.6058390454649374,0.8430120628188953,2.2586892364473306,1
0.1076956399950092,1.5701129398109537,0.8632050469435524,0.5939125375303331,1
0.9344475091365904,1.6005996255511112,1.4381258629379035,-1.0736981907952574,1
0.07807958671113857,0.3927212146689397,0.9809968037404485,0.622630580113946,1
0.5032318767398438,-1.1782558728425254,0.8904129369028246,1.1539370184515363,1
1.0282070796978249,0.6094783764176116,0.8366105674572764,1.1878787676798985,1
0.5921002906576659,-1.4171695829489468,0.94710595904078,0.9338223644722535,1
0.7925507411706738,-1.843616408999888,-1.1273650316766344,1.710813586834039,1
-0.06074436689137575,-0.05594586622733089,-0.9757125592401591,0.3758720647263705,1
0.6212722914473997,-0.5384230747083063,-0.31094800662327954,-0.6046402305865419,1
-0.2792717128403395,-0.5245413533519618,-0.06377235342809084,-0.813889115885078,1
1.1249157344089578,-1.1044238435602887,-0.3697429915381839,-0.7844184106566334,1
1.7860212806558609,-0.24521476091254088,0.5526201897852747,-1.9102506347610806,1
1.1472448350671856,0.7915448912584206,0.22976763691577184,0.4671661780965013,1
0.010539775001233598,1.725965396688948,2.628268645763085,-0.10704179812632697,1
0.34719398232864723,2.14377063579328,3.1486692230426305,0.22280384732512648,1
0.6632915427483909,0.5757236454568049,0.5581483689207591,0.11507035935864152,1
-0.5713796389764838,-0.5375081069214065,0.361291553818564,0.4476873869562051,1
1.4303361033690525,-1.2133572835073536,0.9675865879275873,0.07347357670254229,1
0.8129467080734643,0.1894765787636623,-1.0996945714434698,0.7020751532433437,1
0.16172252000940088,0.568241895513614,-0.09386621104047116,2.4062218297751907,1
-0.6012108395596969,-0.30370019679637206,-0.4902144421868686,0.3788517494376803,1
-1.024935795786457,1.067536452389003,1.1333084120761958,-0.5662699266304647,1
-0.9023373677959527,0.8984301373420053,0.22136125626620795,0.7464163707261836,1
-0.09160354938721904,-1.1563720600604297,1.9055787450391464,2.1608525982658575,1
-0.07775648672753,-0.8502503839601561,0.7011852707224346,1.770471452805112,1
0.8377972591985489,1.6701043851822872,-0.15154823439312237,0.12024691780032148,1
-1.0896647946530444,-0.06288828586900419,0.40728504892364015,1.7971921603199796,1
-0.8312917022202972,0.19863263729129682,0.12762463773600272,2.029455652253168,1
2.2327031363063035,-0.4514157180038019,-0.378799796236432,1.89423052929114,1
1.461332805277903,1.6661410385345128,0.29698355143025057,0.2847601820584669,1
1.2642830182325457,1.775159995996713,1.439117913329818,0.7102731693597597,1
2.0041232708811174,1.8793595888443582,2.4903541551684683,1.3645545293324919,1
1.381637474586133,0.8984575219710661,2.7664585052290516,0.47599238729630133,1
1.75126585027607,-0.03395580353893424,1.4048654816177581,2.2987863690945347,1
1.3130650526156589,0.032854226740575115,-0.8080966893944962,2.087227758150362,1
0.9282811953689902,2.1763964140016903,-0.6211606426886268,0.8116124241057349,1
0.4343479690517633,2.4480118453641504,0.3091591347381042,0.41731830260604513,1
0.8743834377586758,1.1658138613020184,0.41163359295395857,0.4537650543621569,1
1.54687520284943,-0.5601897548902528,0.6473672697190649,-0.3951247153081229,1
2.008006890980334,-1.7472628067398759,-0.4680318658510382,0.41337216985699116,1
2.2283172258711623,-0.7646553837689382,-1.2665911150555764,1.9060963776280753,1
-0.9366643445844519,-2.5046681101276573,-0.2960186110995796,-0.11959300781805393,1
-1.4847041382943678,-0.29351079675170966,-0.6260071637069302,-0.7007214171938239,1
-2.0619882031007206,0.7550530095794608,0.311745073450376,-0.5672665797689915,1
1.1153652368424902,-0.7680635624943682,-1.1743112386707502,-0.8252911797537282,1
0.04826670678027328,-0.06388597567505547,-0.9413796220729403,-0.3303544469884196,1
-1.5146466281002169,1.4182102138032373,-0.47786881992426156,0.7027401661708776,1
-0.4064939508396611,1.0240373046750788,0.8040828164034705,0.5854439805083875,1
0.7213500244527206,1.738767452002463,0.825365487665382,1.1844061947129085,1
0.44641396179347614,2.135624196250458,0.17538412860762198,2.5223125570955935,1
0.19102287265533366,-0.5765254236178649,0.8389453252289755,0.3804886039456432,1
1.1687362956195502,-0.8832341487495369,-0.28356293020854895,-1.485661691798581,1
-0.06988068006382131,-2.7771729861287713,-1.962298240194004,0.08108110036230032,1
0.16915841456710257,-0.6854116326665438,-2.585047335045446,-0.6039683880552609,1
-0.7114533737773611,-1.4325293422591603,0.263755877949009,-0.13973926516006674,1
-0.42641875995590567,-0.5461258979091334,-0.11587364355059199,-2.0185038111036144,1
-0.4525069795681368,-0.900434607161452,-1.2118072366878923,-1.1232639103925783,1
1.2531415640159,0.280669018402429,-1.3260322666063893,-0.24026495380724044,1
1.5028023822104455,1.0369012902737405,-0.38658183120165285,-1.140852439210387,1
1.1833697171372723,0.8082459015312458,1.0516308746291934,0.06285627663731885,1
1.8383898645630021,-0.21193685094806963,1.9805201859453767,0.5382313777360852,1
3.4047728742340793,-0.7739625584687957,2.4645908222589794,1.007359390340695,1
1.4498683927568772,-0.7934708574418399,0.433300253168633,1.5664869492158884,1
1.2327729210888405,-0.891088346915315,-0.08907574822608157,2.898855214248809,1
2.193929614068423,0.07988833090790604,-0.2649533251968269,1.2528506879499606,1
1.4116038207987378,-0.9908372328352432,-0.33939136822970406,-1.2469297962566532,1
0.8620472404558631,0.2508610465686437,-0.9161941794418286,0.9733974343184603,1
-1.1558050206525445,-1.3640304615823626,-0.0667675392461663,1.16159902250699,1
1.201575421423001,-1.004496447501885,0.6427646792581203,0.406100877728239,1
0.500832272405817,0.4818613584859184,0.6080798158661023,-1.2211224021155176,1
1.8592972034480533,1.5728358975418189,-0.23777236761731302,0.0897785173510327,1
1.1664173573767662,0.8898081248406347,-0.17356333162979964,-0.7070436712828324,1
0.3889438724703213,1.5286522691956186,0.7411172593947029,-0.7055008000881788,1
1.149611437454884,-2.237081712951828,1.9038082848886702,-1.7995789209949604,1
0.6685461190454225,-2.014502579806875,-1.204282675650986,1.0121377044471362,1
-0.5615675563890181,-0.4592971501920343,-1.1329844230816408,0.5206111063066803,1
-0.4877004584198441,-1.4667110842653834,0.4052839051568734,-0.6254074675631326,1
-1.6300769104806268,-1.0147995946720658,1.2228600274174453,0.7216439266353019,1
-0.6338248903748763,-0.7551775421872551,-0.13693091865202422,2.7322635624401954,1
0.08732622048599553,0.12797063031616757,0.748957823914856,1.2906153084069842,1
0.0005756895481519031,-0.14516159695851125,0.2663730592467287,0.703711234027409,1
0.8077717372302592,-0.00611875297610507,0.7956408218267174,0.28067983127639995,1
0.6404361317562094,-2.0006481857225498,1.232748377540337,0.6974526549565678,1
1.6240090758242371,-3.6965146524827093,1.9812796000800974,0.5092159470895544,1
2.3521703270912404,-2.518511788118615,0.296331349349796,-0.2553453043138052,1
0.40599857494562996,0.90662663861934,-0.8277033974590127,0.2041941562591396,1
0.7841561414293023,0.8583325434203406,0.09132553774577334,0.19832764573217748,1
2.744475703133728,0.28571422033455085,0.49512902483937904,1.157383115624215,1
2.3518549216632887,1.3013159936942005,0.9224960980653015,-0.5315129590289839,1
2.850922330386002,-0.6258189955410077,1.062028702573414,-0.690132204211361,1
1.3948391963334326,0.07843481208707731,0.5584229978173364,0.4644764833227646,1
2.339173846937221,0.48490822634881076,0.002743007462409075,1.317404660962664,1
2.1259629299382516,-1.0336445245974681,0.7439697407394649,1.2289575089346867,1
0.7760125908371482,0.9622490034726322,-0.16256104811598118,0.8403503792672564,1
0.08856489761619538,0.40047864897052043,-0.8726248050998047,-1.152679045322186,1
1.368143580741509,-0.6867698887301197,-1.220298676805073,-2.8762491732625306,1
-0.45779391843442047,-1.5977977488995463,0.947864722795304,-0.5067721830039,1
-0.5869084957129008,1.6133167057844902,0.8815720514398521,-0.2431808398715913,1
-2.469697497726778,2.9362692549045377,-0.5529486344523081,-1.4781994674735728,1
-0.13119315741676352,3.614260108301088,2.043974141200956,-0.19325525727276205,1
1.1554693210588673,2.299119602100743,2.660796278757474,0.8170815634205577,1
1.364627716002665,0.8570547129407748,1.0000898032665364,0.8443964321286912,1
-0.8470787868143586,0.24448225838156007,-0.3314387719620704,-0.46580380338433347,1
-0.25836899516088613,1.4897951896972232,0.8590857747319529,-1.8562537565655315,1
-0.8352500022151061,1.5366892638671052,-0.19191452673636145,-0.7094089202036513,1
0.15837774011760097,-0.35366874931679315,0.4896164746115469,-1.6753634210205735,1
-0.39113160552070925,0.1783144344158197,-1.5032477684820884,-0.08278568806436643,1
-0.6270647716795914,0.6238157281834756,-0.32389064300342807,0.8800518242034712,1
-0.22276859892495773,-0.1798792498518627,0.1798859642859552,0.798151565816748,1
-0.09421114419983759,0.022605780548923857,-0.6968678817698606,-0.2638251346425742,1
-1.4335079953149514,1.5495586908755508,-1.5508737313591805,-0.8248177651171944,1
-0.8269428564325129,1.0494857338869075,-1.3453515694301854,0.8353331901151366,0
-0.6894220466508014,0.29518298494950934,-1.6215705379615852,2.5628157228309565,0
-1.3748123422049807,-0.058577257181644304,-0.22167794824777598,1.6952069588669765,0
-0.7527857729141938,-0.21975498708041669,-0.457303409981495,0.7006014778049996,0
0.5968383115051071,1.9854299837647362,-0.9662488808746897,-1.019502240676578,0
0.7460822713802088,3.084006666897806,-1.0111226268680746,1.1293656851057785,0
2.901335722697866,0.37667763699070556,0.3883587098521081,2.193079465681427,0
0.8944098391888708,0.0635983076495529,0.4440632868015594,0.08178300214784673,0
-0.27243411709559284,-1.0652819576619676,0.4800317347365111,-0.7290817299847184,0
-0.19477232234607972,-1.837998908847461,0.4411626909803837,0.46898809661656543,0
-2.6230442441641255,-0.22879418639729726,1.3457023721616217,-0.9751469703829228,0
0.554716433252864,0.7312120464556128,-0.9536441801429978,-0.5433425628491674,0
0.9995770997595519,0.0823969559517573,0.3237132503650292,-1.19234487450395,0
0.593910750725426,-1.2836417394147686,0.3181323687251769,-1.5000800787167647,0
-0.8830581641240267,0.818076190062083,1.3967362933019676,-0.14090191845120537,0
-1.2001131733035648,0.42984291432062166,1.5068747680627623,0.07126595441430206,0
1.9682371449564546,1.0173174355414492,0.4347650717240672,-0.27348348699535036,0
1.2260309934272988,0.38488665935325594,1.4724858488651538,0.8199605732969089,0
-0.18011106533105314,-0.7355325351569295,-0.8794017355290454,0.9179716135609981,0
-1.3960707928533738,-2.7109241276739686,-0.017215409279970062,2.9519853242132896,0
-1.3777764669834334,-0.2510434994019366,-0.3438780430204351,1.377103008915502,0
0.2926528463738143,-0.4938553568555565,-0.2834918432313011,1.0102493106537647,0
-0.6991859221501899,0.70945265382491,-0.2005606400757848,-0.2506205041659624,0
0.4696712708578006,-0.6748551122838087,-0.2617988753062427,-0.13442924872718473,0
1.0713075404895558,0.12621652537455652,0.011154872389699175,0.7505516748366947,0
1.8565955228255027,0.6116433782185946,0.33620683094612697,-0.9365603949318122,0
-0.13898244047959318,0.040294696216608306,0.08194918706681842,-0.6552515004513522,0
0.013145357570252376,0.5703953889634197,-0.0794138353762418,0.15887589360052584,0
0.24085117452724708,-1.771132561381376,-0.9671573206981753,-0.06464960892135255,0
-1.6446940414446214,-0.39867149076579855,1.2161432564226013,1.1864370472366403,0
-0.9909219347377961,1.6961005174704131,0.14171654733776573,0.25613255250028083,0
-0.5009412821949343,0.4184854847013667,-0.6287667800274612,0.29848249862562815,0
0.08574311358230086,-0.0181898199742772,0.03514907307688503,1.3398875240991555,0
0.9783944348819609,-1.4816291745165489,-2.5141385715965106,1.6042636732888513,0
-1.4200096768176014,-1.571658643178256,-1.8822501242333756,-0.999848600935594,0
-0.4980387354757293,-0.4341833342386684,-1.75541335346535,-3.090966592612707,0
-0.875714942714375,-0.30849333433252585,-2.3304885308029877,-1.3621233765271978,0
-0.45814382655850333,-0.24325239337281823,-1.0753295267213543,-1.6541306291451545,0
0.9403382530292446,-0.5784293883925036,-0.5948794981660246,-1.7603332736457733,0
-0.24067576649756353,-1.2946383188337096,-0.12879638328105947,0.8315418433194568,0
-1.8565629451804946,-2.170055640394543,1.3474490442319156,0.20644724450786228,0
-2.0627146088504773,0.5761171445078339,-0.6236048055982462,1.9292333358008673,0
0.025675171151428255,-0.4445459920220429,1.2890519083710616,0.35890174489709525,0
0.6190016428632654,0.5081897561089932,1.8250646040926513,1.7409620691754002,0
0.4320617330437708,-0.002622586674790872,1.3756984774351566,0.192765664835594,0
2.185425164741694,0.548195839643368,0.3145763595750852,0.2810631382827054,0
-0.3084974717400084,-0.6579627947807787,1.9818720011969677,-0.5163627098300431,0
-1.3676988098121765,0.868029234974065,1.8859037136197816,0.4607719557500452,0
0.7093769323731653,0.15618771950609978,-1.077758824237584,1.7317196298305093,0
0.007927249958960325,-0.5116855759238825,1.109903691865974,1.4220898243159146,0
0.30555299928802704,2.2932992220913233,-0.1971785786460653,1.6388850402391943,0
0.8672240912396924,1.1267583941059667,1.5412628947405136,1.327278276409221,0
1.2232132337772998,1.9855895633743428,0.5117196557252279,-0.17557052913439586,0
0.0401529685021893,-1.0186048673086963,2.6278589623636033,-1.190993630288881,0
-0.5107738963775051,0.10410244189668177,1.370596173305199,0.22024039739485624,0
0.6873946623777478,-0.13025760981870604,0.22788458662241662,0.39270014918572776,0
-0.01281054417805974,1.6236079080792352,0.7883471850005423,0.9312278606426814,0
1.1448394234199593,2.0594211762171817,0.492517269450506,-0.8312180176345059,0
1.47545007398578,0.3201667575301955,0.011842053056433377,0.17075500993784032,0
1.9245131282870065,0.15289089566506986,0.7562048560172712,1.787592449604158,0
1.0564256995028918,2.889700929251604,1.4453455265245547,-0.8669665343537387,0
2.0428221796811705,1.9706424145407857,2.1848186745434353,0.23969808409308901,0
1.2698656122509302,0.2194043318899792,1.2777508664357,-0.7306714121627556,0
-0.006755905337356816,1.0596653971073113,2.5619645346009654,0.029335823741603317,0
-0.8806858050379337,1.6370581874433547,2.2193905288848303,-0.5951149924485806,0
0.004825967544915211,1.335328628371988,-0.16134784303968797,0.35072293761956874,0
0.28158082692178094,0.9052595423439167,-0.9505835247545007,-0.26209683151362606,0
1.1065915512996587,-0.29590439258055046,1.4312046894081392,-0.5306846013714154,0
0.5785500284975843,1.2435904816633114,-0.5139063917798784,-2.0261511126664837,0
-0.9211591586720675,1.6058483785585431,-0.5838556940551228,1.5451237293350104,0
-0.4509567485586527,0.6517339464039174,1.0322199273442063,2.778654752826628,0
2.076641061134112,1.7787257873579712,1.301663472181549,1.9818543256144971,0
2.1426352368276738,0.5508036402691199,0.32545882379054614,0.9875527053962965,0
0.8521105642868771,-0.13526894608246337,1.4693615480212359,1.449081561268659,0
0.3886704281818592,1.8642309670286472,-0.2983113256389476,0.5308813213546113,0
-0.0020848592214670614,-1.2103376279532854,-0.08540408764372054,0.14369315229402213,0
1.1495145111675587,0.12105540708034723,-1.0589739171531334,1.9259391424811994,0
1.7171561221164806,0.3128276911548147,-0.3052193123608177,0.0035303345171199263,0
0.40850398012198375,1.1223139024578666,2.277645417625226,1.545008695530749,0
0.011246340999879423,0.012601752981703296,1.1744956079978897,-0.9959350177974772,0
0.3314467764792442,0.2097867972933795,0.007135643630877431,-2.092670576165534,0
0.7091148563494281,-0.44664542765529636,-1.0676285453141638,-3.9185975013644163,0
0.12213740919254606,1.2733048620133764,1.4469422533270329,-2.41639500726848,0
-0.17136563808074923,1.4121788768784844,-0.3829673150997145,-0.9064056038147741,0
1.121187686215936,1.676914580105787,-0.3047506939440634,-0.6568765520843529,0
0.07356686176154936,-0.24753973018076414,-0.012022863614371354,0.03892723077400162,0
0.86874945188364,-0.905801701836962,1.509949482042238,-0.25165998565556796,0
0.05439197585393129,-0.6565475152699368,-1.5596356318909543,0.7582154035332658,0
0.5616364328530248,-1.0118372527934745,-0.5405459427753304,0.8950469194707323,0
-1.641442459583375,-1.0959513612962837,0.7465372323676024,-0.8067659634338833,0
-0.6918044600556059,-1.5710011794316379,0.27261213750555485,-0.4390244640144252,0
-2.3631539537572435,0.6181225239361826,-0.833088059812509,-1.0297646690215936,0
-0.5592556270910998,1.1459599410594357,-2.0580032290305734,-0.45320248466282514,0
0.5489022318119637,0.5340886149777463,-0.8145364244623342,-0.5936290814147349,0
-0.4478027434306103,0.05541840169877303,-1.2332829122269515,-3.2181650242019746,0
0.2740642272950556,0.556117328097619,-2.990586423461802,-2.618813216810925,0
0.8956151503525057,1.3827664739122059,-1.0932215935207963,-2.0374095496345968,0
0.590179561209824,1.6000165306568284,-0.8145682714271021,-1.817896781467552,0
0.23333326149894562,-0.5576924774241117,-0.026103124213098156,0.7157300677357846,0
0.24910483448837384,-0.4832614303598617,-0.23225254015109967,-1.2053257748287647,0
0.83777328183455,-0.3408175312020766,-0.1986494793045534,2.5904446804304784,0
0.5316169617388833,-0.947712906367381,-0.2544854033769997,2.4436680494119942,0
0.041603323323103486,-1.893708761877419,0.9769198617460686,0.5536899391670032,0
1.3218264769835613,0.6156405194875014,-0.04407295396339267,1.5578613313186145,0
0.7812782571670782,1.0858079967282022,0.8636515788041861,-0.0674259893315663,0
-0.005296130432170032,1.7233794899136978,0.24506877656525705,-0.43736145790777986,0
-0.4402271845481116,1.1864714945285173,2.1589635907395968,-1.2862136432081628,0
0.2040700312120686,2.5344982304487154,0.6518758896856901,-0.1907350253543475,0
-0.22041604652743774,1.6376691562928418,0.13482710023334782,0.8903624830026893,0
1.5905203798416285,3.285079434605755,0.5674391993486835,0.7709775580835111,0
1.816116283895714,1.131097240836219,1.042615637153653,0.09008736890272612,0
1.2342366620787655,2.082821123088543,-0.0446614252494657,1.1849222455804085,0
2.4356560690979343,0.7016614946694988,-1.7694484704847513,-0.015360864304228228,0
2.4817554226011325,-0.273038005576508,-0.976384799759431,-0.5124553533803315,0
1.7514107938720538,0.14460292604294678,0.11504060770687302,-0.6230520885048534,0
0.35218704631788367,-0.8300568317692619,2.186815170713807,-0.6338465134637665,0
1.1090162898218714,1.8453378704288887,1.9786930803288483,-0.7485435694499316,0
1.4009379673940248,1.307547465879294,0.22048025834797258,-0.04991250300336281,0
-0.2264003644384044,1.7768424523176731,0.04385619625900339,0.1762034043711579,0
0.7257804614660823,0.46498886610069295,0.5363161706473547,-0.3868019544369455,0
1.301106141873885,-0.9990892826122649,0.5586401862451784,1.745528021839812,0
-0.7796156526397002,-0.9097886276962039,1.1276957667191518,1.052345792859504,0
-0.23415275009118214,0.4635804090849274,0.8519150794575205,1.635872738385975,0
0.4552316796175179,0.19974903285268467,0.9430939079583849,2.717818304088203,0
0.10938363532023901,-0.6117015191420522,1.620887736355582,1.2385279880905031,0
-2.312426547628556,1.0890073904002753,0.1458419991843818,0.5287307117410908,0
-0.26628807136232546,0.6698552356944911,0.07406065252422533,-0.17112101469929797,0
0.6075471403394999,0.030613612451146854,0.6885483204884955,0.5298069766634044,0
-0.6832357621734513,1.3047920573020395,-0.07827997481679982,1.0729612866128473,0
0.48543062572257195,2.3366165072708984,-0.4597487009506075,0.18716384718822615,0
0.8757375965825657,0.4935422097889018,0.7616716092785787,-1.5227286848424748,0
-0.5553247175766572,-0.6418845548800588,1.5176975146597769,0.9492490301606878,0
-0.5191444720321521,0.029733709255898882,0.510533753704095,1.6365028176885343,0
-1.1260908102266654,0.4034225925483732,1.0236677896544222,1.3193455787841124,0
-0.13982792972741076,1.4695154664828172,-2.631592420205468,1.337548108922964,0
-0.269152215073543,-2.0323044363249707,-0.5833827474754298,2.0424325996244397,0
-0.8548007315546002,-0.035062051569678454,1.2981794944764107,2.336130753396267,0
1.2875256212786492,1.117556518786944,0.33826521722577707,-0.433900435199035,0
0.6042147160175944,-0.29474442263368095,2.692506490771719,-0.3928360300318541,0
0.2764673664014191,1.2413395542185108,1.3018694574864198,1.4986330254148261,0
-0.13966054890833107,1.081704114170573,-0.1387825927830546,-0.5707059985132927,0
-0.34312207621744595,0.3540100707849008,-0.5267134263029811,-0.9777739791305023,0
-1.437363272923342,-0.09951557220562877,-1.8183423674174284,0.2711689741243514,0
-0.5223602278965223,-2.0428604385724105,-1.4677550058938373,-0.6165719185284074,0
-0.5026277123111516,0.0829797688260292,-2.618982540372236,-0.19325988011678655,0
-0.3362899498432923,-0.08116277813079353,-0.9851847016045507,-0.8485992717972124,0
-0.4779187490431731,-1.1240463785371717,0.5810462730037903,-0.40298798722666396,0
1.3728092725745866,-0.33596548332835247,-0.6193638824218985,-1.7152083862261591,0
-1.3548056122246162,-1.9043313010634004,0.43122387981509996,-0.3488791698831457,0
-2.6944123372410003,0.2626729575952852,-0.7170131834247844,-0.02764657295602349,0
0.6132575806376097,0.7868045438762107,-1.363659622448046,-0.9050155118932992,0
-1.6704710059113979,-0.8135293884263496,-0.57261681361563,-1.4396872830978336,0
-1.043504185984769,-0.42034491649646066,-0.9550440090277499,-1.3698462223723764,0
-0.3748504773761181,-0.012710519737500203,-1.7854679368493767,0.7260092685600819,0
-0.25234147915595906,-0.5218749660049653,-0.11842789469602899,0.5962207655435425,0
0.6956375524493719,0.04284581039102939,-0.7355109762656372,0.6596139079778729,0
-0.8526174432236042,-0.09495526294675626,-0.11874311541590415,0.12169009671639675,0
-0.4980710676123994,-1.9554540853011129,-0.8520073868744045,0.15368994949931308,0
-0.6260082606378932,-2.0654589911087244,0.775483565831219,-0.7893298734648443,0
0.09941619893896214,-0.16634416482243924,-0.5238363617026833,1.3806459558770898,0
-1.203773601627627,0.6954655991702208,0.8208726330435936,0.019702768861900033,0
1.1195955391643442,0.27440151498221366,0.2559106020090064,0.27017322320217074,0
0.3958499286898539,0.9973420597553695,1.2317316231051187,-1.6134453616370954,0
1.761882832280705,-0.8940356772019908,1.643993832190661,0.31998245600903563,0
-0.6544240004635135,-0.2752304091781828,0.08045771407454017,-0.05492980228421751,0
-0.6523730071246014,0.6937056828204288,1.1461646316103704,1.3682189096478474,0
-0.6150055245820141,0.4121097888667548,-1.4206842417141825,-0.12176061167226504,0
0.8424823599246783,1.3542214665806789,-1.9871242259401993,-0.6533445649890268,0
0.716853626985148,0.2257124776698186,-1.3517085023203226,0.0973887619695763,0
-0.11938415297591132,-0.3296798305064484,0.2206569351711149,0.05511665079572597,0
-0.5830435008688677,-0.17528465557707573,-0.035915431029662756,-0.34245270448426474,0
-0.5445988596877722,1.5177586789649877,0.3716402252687133,-0.46670667027129276,0
0.934442464325123,0.3847760494105992,1.1584010697877951,0.13628885706244753,0
0.3819076565490001,0.9491476665108558,-0.8271829848558443,-1.0586230403785815,0
-0.7564176438261987,0.2744472659112958,1.5162141025074543,1.7019886260033417,0
0.4178182236836664,1.0654876120612116,-1.4214973862976168,0.3083205132676491,0
-0.3010101788164089,-0.6211017693159164,-0.6113973059987364,-0.3179303210633028,0
-2.286034412697126,0.3160503565915463,-1.4076050017842237,0.08028170357949813,0
1.2544840116485867,-1.2152459494850718,-3.779139847269157,-0.24586337009036174,0
1.2381794548124843,0.3385071202458181,-2.364860329865504,0.37376753819134084,0
0.1315134612186858,-0.6800036051654595,2.0698530515145785,-1.3160865592994828,0
0.1023439644324099,0.8166476451536229,1.9531815839107842,-0.5600601261788459,0
0.5939824188231531,0.5209649658128934,1.081102764139144,-0.6232223385868334,0
1.0154543471291801,0.16310647952326657,0.9877362252047901,-0.34087398297839505,0
1.5811639334808203,0.31016973578225737,-1.0733016739862113,1.0914845092247942,0
-0.18021580673561355,-0.8516889465317803,-0.5506327835937306,1.9201803477832144,0
-2.463267220632475,2.6318831199691624,0.7817389536078755,1.183329088020767,0
-0.25063595287852775,1.5728290089276844,0.09483784363274606,1.2368801299604404,0
0.9271987875303427,0.7471636379161464,-0.234594068717786,0.4671667813267085,0
0.4001203260342999,1.3622573314181874,0.7778787310528503,-2.706805244000926,0
1.2246261063689372,0.9730027466019049,0.4124788337855327,-1.7419210750893488,0
1.9058639865141598,1.4604712108992797,-0.24049830239871484,-0.4639082504201393,0
0.2288302233341618,-0.867579171148833,-0.1511573495952031,0.6304393471726891,0
0.7843833833651015,0.12070654675919884,0.7332819140101644,0.8313979607013029,0
-0.29151627784915196,0.7001897375806695,1.3290373058412785,1.1699903101642257,0
1.282363781609183,1.3870909339857151,0.7956082465233487,1.6551453933985403,0
0.9025515335903278,-0.08835580367642715,0.5398854691483306,0.08267005189282106,0
-0.3406644026411786,-0.01789535144158952,-0.30570027326353066,-0.26662650369262975,0
-2.035249033442734,0.11442548481724357,-0.2232739547355416,-0.9504018829145056,0
-0.12052629949951543,0.9163581451327933,-2.307444156296011,-1.237925720023467,0
-0.5424454260472664,-1.2655930899445504,-0.12966071043651073,-0.812788998784537,0
-0.8611709387128824,-2.548997813515527,0.4208201182204422,-1.6456528942457411,0
-1.0492350892734827,-0.6159761519818865,1.270635361512963,-2.1316468462419826,0
-3.6239990371247846,0.31864969241482916,1.9939947993339942,0.17312292981844601,0
-1.1443452918508394,0.23402213113408254,0.5175208052334727,-0.8869847347952456,0
0.0888262919561082,0.7543352531903016,0.923914642037017,2.3161676715134547,0
0.6542470599183008,0.069944868179727,0.3706394322096448,-0.6109920691323909,0
-0.4120308466678198,-0.2701126611783198,-0.17955850707524434,-0.15314116253247345,0
-1.0682660694028243,0.9591180507305702,-0.1952255919122466,-0.08587090240485114,0
-0.46746572905487654,0.48027022657753327,0.42652820708188877,-0.9100656669133259,0
-0.7010217127239473,0.016340523978915278,-1.3154993593569224,-1.2742906931781608,0
-0.7517274014405634,0.4862755824972169,-0.4739449285580283,-0.44355543522153607,0
0.6960896763409119,-0.08504503396791835,-0.024631341926490746,-0.3249994705432643,0
0.5182847097456177,-0.6241660737766966,-2.239842792144752,-0.2967788974579363,0
1.4428121978651782,0.00459613508748824,0.22494578065695525,1.0877412730772498,0
0.6671613106337553,0.2666378956376775,-0.0948299238120146,0.22779778051157512,0
0.9626270427159469,1.282090618280283,0.0227701479843212,-0.33629037459562405,0
0.770205961427061,1.1208740406365245,-1.1459586441250293,-2.46432614043505,0
0.09380774727019825,-1.1161504028970577,-0.7354618668692043,-1.3799433890349966,0
-0.7505704309840513,0.785368813251161,0.0607023420356978,-0.38949733490666993,0
0.5575896156251297,-0.8064748898695954,0.8382215949393323,-0.2705129539887948,0
0.6515739965303858,-1.142980710506194,-1.0511932433527926,0.6826331810306312,0
0.29414491155781275,-1.6746018115658257,-1.0946681796566957,1.4667513749300851,0
-1.5741344717139505,0.6444317747326245,-1.2502445330432033,1.3717676130734255,0
-0.7649427320147775,0.4858867810624319,-1.516452156845659,0.5230909004644185,0
-0.11929188309146033,-1.2627683904101976,-0.09523933692257092,-0.25166811623937596,0
-0.655147185699662,-1.5280285318493627,-2.636216958491777,-0.316861820719857,0
1.6921479877782422,-0.6174722123892545,-1.270291318841004,-0.4213217395681962,0
0.5140834242065669,-0.08095716543279308,-1.181284946511774,0.903660824884774,0
0.896727535494033,0.33141737558128503,0.12018678746698769,0.4714470701363769,0
1.1309774628388185,0.7604371202139883,-0.03694773530601886,-0.3378782378287125,0
0.7823784164617106,1.842110678988977,-0.9145929309246629,-1.6364643846667963,0
1.030345411517894,0.5133540941742101,0.04221801693905619,-0.5742789944248979,0
0.3429421382246155,1.707870481353483,-1.274913148245525,-1.115636521992695,0
0.5462832395468438,-1.3425145630864315,-0.5829370222628966,1.1036519047316706,0
-0.1633545848112301,-0.48118602619475803,-1.3294546022136857,-0.06453545567364216,0
-0.5848940221068564,-0.9090258878982429,0.7008555786749253,0.5254233328883035,0
-1.6181233321492474,0.0931510968751853,0.6030957733346983,1.4028607049654183,0
0.9612366827712302,-0.796905021077385,-1.055056201521233,-0.5561475064319071,0
-0.08859669232170475,-0.1689204944409894,0.8536830408119778,-0.35402477685847633,0
-0.4059623485158227,0.3402947067159379,-0.5202486930017434,1.9125263332655353,0
-1.6679575545096064,0.16478385368157664,1.6937180374741951,0.9630630111927654,0
-0.807786900700864,0.216583529904462,-0.0032917331256115956,1.8543799802729128,0
-2.470001612638514,1.6190795933204267,-1.667609915910649,0.6605376609020417,0
-0.9315211873579394,0.7359021323256958,-3.0061688020395616,0.7924414965329637,0
1.8724717880413855,-1.9706637922744006,-1.2922177094128107,-0.2657614295301272,0
0.5836767837272698,-1.1567830523178515,-0.5966324563970182,0.35499157010601035,0
1.6907839075822957,-0.8326067495735447,0.6562079947075555,-1.1157771728181585,0
-0.5299048386571539,0.3362259764632261,2.2538343986936757,-0.20227523762341926,0
-0.4241521730470481,0.8099321156167472,-0.5078454260893932,0.5033777075436572,0
0.955651827789614,-0.2804711144131995,-0.8004259701093732,0.517567083423877,0
-0.13860033924870968,-0.4184488514239142,2.0662469494596505,0.011757840965941846,0
-0.5393149431478803,-0.19504726136682982,1.529110649509184,-0.17534525273513207,0
-0.9236131939906271,1.7020183225790353,1.8694527813729467,-0.6880961921062712,0
-1.7253797321831565,2.2491568532804203,-0.21393267140801342,0.44657750310963307,0
-1.985508654600972,1.7280802781890734,-1.8143589174989336,0.954052870621341,0
-0.2615063105472327,-0.8070149833706954,-1.7284324763066456,1.1633448922673713,0
-0.24081256611486748,-0.25692275576778767,1.2066157008286575,-0.9825691655773657,0
1.4438107217923406,0.3635715454646951,-0.48838153782612537,-1.8215982085276727,0
0.4974753615793114,0.9205642687624997,0.11024148102971779,0.6003558259835111,0
-0.9760162647910844,0.3892092039678607,-1.0590542435274386,0.6638097956167235,0
0.6132436453712248,-0.5827943851521405,-3.320640433475435,0.5308530446048563,0
0.5071976943363572,-0.825015129141789,0.09149911204334749,-0.8056271573466207,0
0.6355906444424556,0.8899511944342635,-1.5898286308882708,-0.08316175275433313,0
0.017041785099589868,-0.20249078459442166,-0.0975777754842353,-0.5288094404907189,0
-0.7296386005001023,-0.07611722899501466,-1.1211645135266197,-1.350229849130545,0
0.364682674057958,-1.5155902808146478,-0.001044884651466682,-0.21252363171132127,0
-2.034610743411808,-1.2841142300569541,1.303096251404173,-1.0874273469953422,0
-1.6634828286911971,0.33934407665036675,0.6942457868207224,-0.7952525595421668,0
-1.1611001031730104,1.766381228404871,1.5175531299185088,0.581231771010712,0
0.15079246981728112,0.3535527086965746,-0.5717531855410649,0.8131299907711135,0
0.5847810214245686,1.3714937207627398,0.4669865592648975,-1.0965153063742612,0
1.697308142521568,-0.3093671712298477,-0.021742341819022015,-0.2980574469354361,0
2.5817805954236372,2.979648984967715,1.1072185651650441,-0.33222534218810595,0
2.46111258214032,2.411680589410435,0.8967539791359171,1.6290986848182691,0
1.9380199688706607,1.7314415185963437,1.7629596183509242,1.2361359530235903,0
2.1335809435967796,0.6042113063968916,0.7282880840555374,-0.4820862564598998,0
1.4741969999780058,1.239107451287532,1.3891623828531348,1.4334493051175874,0
0.9558150165484153,1.5811333509634657,-0.09377682300465862,0.3296249500843927,0
1.5522037694741833,1.4534224042271329,-0.044733171901521096,0.09321322318412952,0
-0.4609655176229963,0.2109198093137875,1.3381510256014328,0.6218116276986311,0
0.3795554571261474,0.5355869185869049,0.40403391358185076,-0.3494153256241315,0
1.0113266786290653,0.756417885898707,0.7674990505633839,-0.7007425054796461,0
-1.5218868826500063,1.6299695812821935,0.13156016780566898,-1.2131470167829437,0
0.5737150332386491,0.29944324293544844,0.6559943863738875,0.010432441185225683,0
1.002888309376572,-1.0493800981141885,1.6464562499075504,0.2664667518264689,0
-0.2829358449298309,0.2175733030688407,-0.8167862401223283,0.5418861873939053,0
-1.0772738552333518,-1.5106768366526966,-1.9339544357457719,1.3836314686868778,0
-1.5133759867819383,0.3492706445316891,-1.6325653939206122,-1.0155422232495077,0
-1.6170936413019277,0.8857502596434307,-1.2629371315394937,-1.0560584081153548,0
-0.2210941527749542,0.4772017005630692,0.12709587089608498,0.9204700258352488,0
-0.30504579673014665,-1.0970382445879852,-0.4289550585973283,0.7205155195005106,0
-1.414888718279065,-1.5246527303094355,0.0806921190919101,0.31160540817980414,0
-0.9905543109928701,-1.3441487910962708,-0.6225904820527228,-0.7684304401784023,0
0.09073204939875756,0.31081267366942733,-2.392390348357044,-1.313726080281611,0
-1.366992633229748,-1.2434159694462403,-1.0131744943135512,-2.1065082598393357,0
-1.8416816572510846,-1.80527610815406,-0.6081002582954009,-0.9839097928834174,0
-1.9999930486839053,-0.7277196486108464,-1.342424685080751,-0.763610006767762,0
0.4707274653007496,1.0493731923460095,-2.054867005543152,0.12156100964784433,1
0.3832274389489464,-0.7285140118142145,0.3116427992414026,0.970096220608745,1
-0.8757609908924145,-1.2089084257399494,0.9237643829957991,0.7530266388415667,1
0.4783011937812971,-0.142974153895483,0.397529146404479,-0.7481321578757165,1
1.3578969280553108,1.1124003308695802,-0.11327133167488104,-0.22347106904280534,1
-1.0219301308360622,0.959214888365667,0.8604690083050657,-0.18556084411889745,1
0.9737220100275974,0.049608724366326296,1.1965579957253267,-0.8357479738481548,1
0.7249040518543989,-0.15451076815630532,0.7188137376409702,-0.3448587196550225,1
0.3741331463623828,0.7642428641789841,-0.19559197262872097,-1.5288764673083972,1
1.8405595709617575,1.68715122436208,-1.1412266249034118,0.019479626533219108,1
-0.10911892963766362,0.9383477050758916,0.343878846360753,-0.5689839371740579,1
-0.7242495835332361,-0.31520197028590274,-0.49713606541417377,-0.956252129191842,1
-0.5060189430869019,-0.8418407772251129,0.3886370484611796,0.9556044840349384,1
-0.6658697040664499,-0.09733181035466812,0.4025876965198718,0.9708351790716037,1
-0.06961630475453102,0.7037496942178552,0.6140844881822055,-0.7285520417426948,1
1.0255348889421225,1.168790714953884,-0.3065274006403428,-0.06925763479481424,1
1.0015847281958157,0.2582024664021921,1.30100430199604,2.244211220509332,1
0.004949149242155837,-1.277763616592898,0.9016810563239495,2.0095482839286882,1
0.0416176027492782,0.942155216683875,-1.3612624621715383,1.7672422535002712,1
-0.9975925183106436,2.0962399928808466,1.7306569333046655,-0.4681384250347009,1
-0.42939706324143795,1.6980838841321406,0.9340041213966055,0.286530492045281,1
0.13383083166481663,-1.2404396025448001,0.8691890677040471,-0.2949143408270798,1
-0.17883376942263124,0.9474561624508941,-1.2809631479610775,0.9559961707283595,1
-0.7347853824891842,0.0992222964845233,0.5622234856025485,0.33816081847191104,1
0.4453658899046218,1.0078735791266704,-0.07665229999694634,-0.3083053614382213,1
-0.9299998605950333,-0.42226109832828695,3.2207955790479477,1.0983617461624142,1
-0.7568356367316504,-1.491362396074885,1.6435059638391847,1.952848169557317,1
0.7392013697764597,-0.8515007519836519,0.08453940671030818,1.6020705811340399,1
0.40693537621700676,-2.559900673540996,-0.4514340934861661,-0.18521637979360517,1
0.20255534134946496,1.9612987331870115,-0.5810621739824609,-0.5230464661356897,1
0.8285049863223,1.2672073804840174,0.7760592408149602,0.2233133545666569,1
2.6207633316029497,-0.6240054831323086,1.164217987282644,-0.6042380159103876,1
1.9530833751682213,-1.1682887047390178,-0.13888126363171932,-0.1875197244172682,1
1.7153856903224818,0.4511389620468067,-1.6517564933207776,-0.06173815785657434,1
-0.5189525266164132,-1.078049325856612,-0.7423779591386395,-0.8287049995946827,1
1.9964220879573653,0.0017400950180513353,-1.9979834821666766,-1.118969391750407,1
1.2205570859623416,2.0891388108771456,-2.3846546765992134,-2.9269071864892107,1
1.6437916067769547,1.2252697017217622,-1.1954129592529084,-1.3515301914530133,1
-2.3368549840819686,0.49348338728586594,0.21723689965845056,0.025034175180751905,1
-1.88346687602779,0.2830805163177054,-0.6904848500104472,0.330568495644153,1
-1.8558785277772745,-0.29486863263313845,-1.1870851798990962,0.5762181850781841,1
-0.24002584842397345,-0.35256802301066914,-0.5250566667895517,-1.5742296945719993,1
-0.553203987413242,-0.19123182624601245,2.3050000174109537,-1.8991759036398288,1
1.9343956490104268,0.920366042967403,1.1452668635807142,1.690450127962488,1
1.4894437912852478,0.75730561285489,0.6810959053049613,2.243328992677837,1
1.8965755219164713,-0.32275504235425645,-0.8196171486203159,0.8986797312669661,1
-0.2872935002171526,-0.1926265915570577,0.812764762529736,-0.3437149071660983,1
0.08608864736048485,-0.01902790181442785,1.1157488097500616,-2.140545868092124,1
-0.23754019289608436,0.20367253155370157,1.6406701097825576,-1.0133961518180363,1
-1.4793677502655407,0.7011804585876169,0.08200741455350424,-1.1028240868828085,1
-1.191490265453389,0.09594682577919722,-0.361587561140526,-2.6220934674861414,1
0.31199382236361883,1.3132537715904011,0.5356710146170545,-2.294999325761431,1
0.08400729938304594,0.5187801934067023,1.2070389268858523,-0.08895793720137524,1
-0.3384592009595217,0.2895076337762414,1.0957300333915927,1.7823508253319722,1
0.8978418694583922,0.9048597408860155,0.6089709314188704,2.4521184853537705,1
0.9515908231685154,-0.49914401381916423,1.9184162649585434,1.861441946106197,1
0.513117187626487,-0.6791505729269091,0.9141988469784299,1.7832864531976265,1
0.6767987947753302,0.03964844427212122,1.8618917414896798,2.0591173876074653,1
1.0199226316220604,0.9571699584763318,-0.2758726736500312,1.7801415274366992,1
2.134513600286925,0.1648220879981589,-0.6708320105361978,-0.022794079713390314,1
-0.4370772003884775,-0.7188330729284399,-0.5893942764050605,-1.6159342542248574,1
-0.33603082912730614,0.6147439446152712,-1.3591638125874765,0.6960919390303076,1
-0.031369386899570695,1.2764781634701658,-1.0170768955025464,0.7252128589024958,1
-1.4096047238059053,1.4008387662245751,0.14795203063356238,0.538213294895018,1
-1.6950508859571451,-0.3347343357867746,1.0766606603741824,-0.6886770770761248,1
0.10818413582851966,-1.5010315407749555,1.1784181760803087,-1.1849959474867042,1
0.9490990448350237,0.025218317336018647,-0.675714010229938,0.46155364091413775,1
0.4373676781985841,-0.5287545292583308,-1.2712747929673778,-1.9807184383759053,1
0.14321468068891402,-1.7763045830653874,-0.5717920765231421,-1.4371180293228247,1
0.5648910247568184,-1.0125673327160192,-1.0910559918759644,-0.014514130397776936,1
0.23369764142405558,-0.08887097590362941,-0.2709250067566652,-1.8686945729290059,1
0.7689902345296047,0.5769204036521506,-1.1517144240502522,-1.0728358048728033,1
-0.07722552103086494,0.09627137705912753,0.046250318044078975,0.6567181326669865,1
1.0647516146737064,-1.2737106426077554,0.6694515306414186,1.605495668015428,1
1.0135446257511107,0.5814961681428648,1.897937865175006,1.8667432725055781,1
1.224107805494675,1.2776869413418994,1.0785118296097531,1.3399817118396884,1
0.4617824353670634,2.074488135368868,-0.0037178516955302943,2.391913958296917,1
0.6834617423785376,-0.5695109206543943,0.9885085929238698,-1.144376279841516,1
1.1954452916596119,0.6574271147272333,-0.3678057946788239,-0.03765023810386316,1
2.3219938120104837,-0.24277585837104337,-1.0088017705099601,1.3562615688174064,1
2.5887441841820005,-0.09341467150057002,0.5351095696930592,1.5813400119048557,1
0.453546312042334,-0.5226717039680964,1.4168939395817877,2.4780831543783695,1
1.1693675668658248,-1.0888830350892929,2.3970171763417274,0.8853305458139196,1
0.8517143984773965,-0.09321537954609571,2.186302380724677,1.9272133477803097,1
1.4114419739702722,0.4260023782996679,0.8900710070695083,1.9849155678480335,1
-1.6979619859853416,-0.12620650774993117,0.7251510512344848,-0.09002655435944118,1
-0.07531616121223134,-0.254953824086094,2.0076741664843047,1.7545544188414253,1
0.10637021634223598,-0.2528192412011329,0.6526359537595011,0.8524645413222389,1
0.4333638566928715,-0.8594097653680434,-0.9454067257940657,1.1594878265570145,1
0.5192531091607397,-1.1480796658072097,0.25936981083456034,-0.45140461628074524,1
0.5386774249526451,0.36111214628957217,-0.2742885401120517,0.35199000887920434,1
-0.38324523594012916,-0.05202172491226831,-0.2072412030382894,-0.6880689050221727,1
-0.3922446184033206,-1.569426988828654,-0.589656745831101,-0.6222754162900267,1
-0.5899746236060386,-0.8692682414022405,-0.7684549948411655,0.053634327820722916,1
0.40799072623775745,-0.9974725234091633,-1.7713633257462829,-1.2511271795671635,1
-0.855415628423709,-0.7509103271801745,-1.7777831535187194,-2.327976533800645,1
-1.3316220248992876,-0.11893751075809844,-0.34135689372597533,-2.021948612684195,1
-1.0480537002209418,-0.9742733131505501,-0.2036631810925961,-1.7596151473822852,1
0.09280737882504453,-2.175575817194331,-0.7333769388346658,-0.46383767408895077,1
