X0,X1,X2,X3,X4,regime
0.25739992534469336,-0.9084814327806611,-0.37850310605882326,-0.5349155987755707,0.8580733460716252,1.0
-0.31005001217684963,0.22564415465308457,1.259194973993029,1.7030382071351207,-0.09598551843898395,1.0
-0.4704578978593905,0.5230129059531721,-1.3048594841517422,-0.4183638957765654,0.45451664074814796,1.0
-0.31249655528924225,2.092040159186294,-0.8685094133736296,-0.8541865064243234,-0.7078109323609434,1.0
-0.11095808491856855,0.4667823615901042,3.6338953793850446,-1.150839323105481,-0.22867980957980552,1.0
0.8397985812276917,0.03205414713409736,1.9882090640554293,-0.11042102768733125,0.7457330988153754,1.0
-1.0719587379055007,0.8174656577751315,1.0748868138556904,0.6760654461985591,-0.08836489598724817,1.0
1.2302652346297924,-1.8018294337599832,1.7071310059266493,-0.5380429145336978,1.4936391762010601,1.0
1.7133220571053855,0.4744396866547035,0.5798084579845659,3.150427257190824,0.002500000346995157,1.0
0.10405928531373831,-0.5135622401874556,2.725412548715246,-0.35228316685070993,1.0121668673495596,1.0
-0.24681646864117812,-1.2217817374115427,-0.6493416493908832,-0.19394190592993354,-1.0811758349205627,1.0
0.41540217821708514,0.48525634321960737,-0.5085041492630482,-1.4414897053503575,-0.12453932109268939,1.0
0.1713665562223871,0.8371088106084066,1.0198231479480033,-0.4293449038789452,-1.9081586277771863,1.0
-0.09803342142987681,0.3620091233199766,0.4845288192766444,-1.7336900765466947,-2.062488601121655,1.0
-0.36031881567454005,0.6144714791564576,2.491603032974023,-2.9765582985494445,-0.848969510718313,1.0
-1.1055965763083564,0.091775254780345,0.8245499890276466,-0.6543539849683203,0.6345317741030811,1.0
-0.2794204728252421,-0.0869594436702319,0.7425135552114006,0.4276576972448392,1.770254327274718,1.0
-1.745800208758215,1.7558830678946957,-0.6688314646046458,0.2810760454069976,0.6633484029051757,1.0
-1.8620225032515427,1.0957044153726274,-0.3050586799473442,0.8360218004882497,-0.7119993496762171,1.0
-0.9672452597365507,0.42564309249198373,-0.5971837313053979,1.3440091537460674,0.301011087404295,1.0
-0.18322271187957878,-1.7288277726509793,-0.0949585617939554,1.8500508224784964,-0.5695673685733118,1.0
-0.27164377696357817,-3.5443882047178934,-2.9583146856515095,-1.9277213827710908,-0.12370530113669956,1.0
-0.25889100485676203,-1.1691329645260802,-4.704548572791925,0.35422619063821514,-1.282285346785652,1.0
-0.17768094024214878,0.24564929339371638,-2.824200505442053,-0.8821269533328449,-1.3379937676299043,1.0
-0.4060418371925441,0.7920455955276472,-2.7700146304264353,-1.3592627723719268,-1.119412635124156,1.0
-0.23272323259148286,2.0107949086843697,-0.849021931775217,0.2980069023106766,0.6525436673230696,1.0
-0.06319297508245088,0.6903442835219377,1.573337517660942,-0.27898915936787505,0.8878562338312694,1.0
-0.6379750371313712,0.24284562057365075,-1.1468865835828197,-0.32548007345686136,0.8902418565719254,1.0
-1.3786533100638565,0.40681877889344753,-1.079317897764537,1.5156754486914177,1.614040711500936,1.0
-0.3738364053109737,0.1071782172108099,-0.8822796710428586,1.5630863630141365,1.8372728675967909,1.0
2.355330123178058,-1.301307661611706,-1.458181643228254,3.118186580308621,-0.4073654464540295,1.0
-0.42989341564126826,1.7249791370329837,-0.23417518769942958,0.40015473823354003,-0.6717765785138345,1.0
0.40938336315190954,-0.6156063395011574,2.9556925006582855,0.402849140513019,-0.32051086317343463,1.0
-0.38795225420032287,-0.07642496179067437,1.6632000502771767,2.513939766568709,1.3805640290896193,1.0
0.857721585392538,0.020118252010188315,1.3911155821699415,1.374165909395148,0.8841089950755001,1.0
1.5137845625424218,0.612809167321576,0.3711532184699463,-0.5016478042296875,0.8551402076827523,1.0
0.7401502646418838,1.1138325187568765,1.7804128716732845,0.06852017057641646,1.3960091868706388,1.0
1.292373458941376,-1.775043662409704,0.5355627087912405,1.1275971075598477,0.4931658069890751,1.0
0.3299643337669106,0.2914193995188624,1.4832893526886002,-0.3479529361337904,0.12974854651986092,1.0
0.10660417510979833,0.2927190146876134,-0.2854004320253696,0.45386798006374496,0.08860043431190762,1.0
2.0815410349815746,0.4726264955850016,-0.4480776488967677,-1.298974008837838,-0.062504542013063,1.0
0.08296682054935689,-0.2818827396804424,2.0936717347271863,-0.19842757949196654,0.16889870094576007,1.0
1.4254492775086673,0.3233908711729126,3.145964084784012,0.22003574185595487,-0.339336709927601,1.0
-0.9269137501088665,-1.2173542857102746,3.139470646249367,0.47740735424057734,-0.2254334099037705,1.0
-0.5951443142586289,-1.252811132915509,-0.9689848683001399,0.10890779344635955,-2.1078592648319443,1.0
0.48713538143326435,-2.4030872003598707,-1.4978481686460428,-1.4875274710413589,-0.551069634151916,1.0
-0.4536447436556019,0.9725520877115171,-1.5530456836759945,-0.1965908137550464,-0.39936345870773465,1.0
-0.2567122522133044,1.1774637138140451,1.3941225704479319,1.0616434603311824,-0.206132681851914,1.0
-0.04598355249221755,0.6843193318260559,1.0364746434794436,-0.5350647587050071,0.08400611278942843,1.0
0.45492923026913973,0.7289999765634806,0.8191056472273505,-0.7597542037538954,0.5328684583668639,1.0
0.5829694240737096,-0.700346924497092,2.1691113968019082,0.9049115048278928,0.17128035363925856,1.0
-1.0210539246976311,-1.424241914071819,0.8629545072075384,-0.13407500315484022,-0.2055942148668804,1.0
-1.5373102957063896,0.3959876768098645,-3.6294577641759327,-0.2318084422295414,0.27295753774206205,1.0
-0.0029883553096219373,0.6010491831592262,-3.028096602623596,-0.2909649259796312,-0.6353501298944942,1.0
-1.173291888613846,-1.5799616954555356,0.10900238770656623,0.6475540671815115,-0.8255558154350349,1.0
0.29726182391124634,0.06262499324160886,-3.1147702726241144,-0.4981044161788499,-0.2886670136076562,1.0
0.8580627808019585,0.12850293203053242,-2.4129030094443458,1.4793954127720539,0.27354268247748453,1.0
-0.6509970759855189,-1.4988067668770901,-0.8790733910578373,0.28471736126388875,-0.5697635470972773,1.0
-0.7356963919365154,-1.4691228444147357,-1.5128729807120584,-1.3618136749377692,0.3109722219116411,1.0
0.3845337580538924,-1.944424783176512,-2.7634555939421603,0.7184116908514067,0.28221712324851284,1.0
1.0201321740694365,0.5003797165002004,-3.4367667552570325,-0.023150638641354526,0.40220347501499804,1.0
0.1243961635128541,0.4802956406522303,1.595582256282656,0.06944406388177282,0.3737888034004354,1.0
-0.08362423030218494,-1.9199050982752286,0.15192199622491587,0.059843012165831905,-0.32054305210019896,1.0
0.7502067490364912,0.4934871131605102,-2.4465761785738698,0.8489675299879188,-0.6651853444120696,1.0
0.59046345697387,-0.26032006634880656,-1.1253836388009337,-1.0066494585959997,-1.9308932062563637,1.0
1.0331735602556034,1.269586328404133,0.7391153745810349,-1.9716498958969202,-0.07924481596015476,1.0
-1.5468208776694539,1.403867414262555,3.9376188858589494,0.016778158176802838,-0.5426750481582687,1.0
0.213841942762649,0.4756500414852679,0.31863136880692355,-1.735621867961756,-0.4506979406267463,1.0
0.10662373498536815,-2.4382351654412155,3.5828970878815727,-1.2816097218035014,1.1154190834884596,1.0
0.06720469252178402,0.5355659827240632,1.1709698810844817,-0.15202017249748673,0.10133836327917134,1.0
0.6203012456811888,1.1388251322654686,1.0959236830863095,-0.13952170038503198,-1.3606400596220731,1.0
0.3355987780652526,-0.6883948788994576,1.7897639176970352,0.21754489540379307,-0.16046649689166437,1.0
0.48269212949584794,-1.7582113730313966,0.6315476390219794,-0.5836683453961728,-2.0103432588230543,1.0
1.5157326725503288,-0.7826722380217341,-1.0155129381030725,-1.1104373227170057,0.4543432265799102,1.0
-0.14862914208845412,1.2232842938149515,0.006977618549675213,-0.8197916096117346,0.2911920465045904,1.0
-0.696417762988316,0.2639650774148158,2.5039416326230586,-1.933284312200096,0.18204393628258697,1.0
-0.29558806269695836,-0.23638229620771145,0.03510011783944472,0.22786712820618393,-0.5332718479902189,1.0
-3.012904898661157,-1.5805993624829062,-0.7190295977873118,0.6004508044392185,0.3409162476272715,1.0
-3.3638166084408736,0.07944199969474286,-3.639720660434405,-0.1090760759847087,-0.3738104213596576,1.0
-0.7597289540241507,0.31528036252465086,-4.385656467614469,-1.383353115954877,-0.03898767770630018,1.0
1.5485093938953802,1.1447921229203655,-0.9695456488353532,-1.509751621531296,-0.8303874397384446,1.0
1.2804421197324622,1.1431995558052823,1.0144126750355773,-1.2022515552594693,-1.1705255162681234,1.0
-0.06790616918431125,1.3484996762820491,1.9460538268806962,-2.1096536620241197,-1.9532489784958247,1.0
-0.17415786417136697,0.0947265169266101,3.1946107828922643,-2.852962964260675,-1.7390527628160983,1.0
0.5569786459916234,0.24635544317521518,0.9157871889272037,-1.9122132043494382,-1.1576032179358542,1.0
0.29893338308303874,0.8371349516559328,-0.2353825855069296,-0.4967357041813799,0.60522099777453,1.0
-0.4001998212049279,3.147982554858923,2.7788451801912646,-1.4286439863050495,1.2617664822585974,1.0
0.5920574424338277,-0.13791600246774527,3.9016495443807817,-0.015878221064210274,1.400527474404361,1.0
-0.7343614727694174,-1.0310013314154862,3.3486935481899223,1.0144513047570543,1.336241283370882,1.0
0.6944477938723668,-0.44115618548777535,-0.8548093465262592,1.75097307249213,2.323205393725845,1.0
0.4364066341243421,0.29614836373247766,0.9621796968642672,0.8734869284339816,0.6643717000246063,1.0
0.5450887872067733,1.0811965794973228,2.4294405827836214,1.2092166332311596,0.7986005110539757,1.0
2.201182266915292,0.270129671439106,1.5261278458643492,-1.4583789366770679,0.7317445740044679,1.0
1.5621391662177564,1.207928621402465,-0.811447351876908,1.8957678421423323,1.2604377887871063,1.0
-0.4311301336827791,0.7653215581867152,1.2682647040913606,1.9141606091424868,0.6863372292943587,1.0
-0.997057176712939,0.5555636250846385,1.3782492404180835,-1.1688495810799635,-0.4932404943626238,1.0
-0.23932370194725897,-0.37130688404915047,0.789409472318361,-1.6656783083228839,-1.0141602759528054,1.0
-1.0905690989511558,0.05999393759709497,0.29093562288500974,-0.4767241909127142,-0.6994139989870076,1.0
0.820548443887382,2.3371801538092978,0.10545097980491597,-2.074112190675176,-1.6034280715647564,1.0
0.878019411611709,1.081134080751748,-3.7573578396315046,-0.10302263564347713,-0.15666729234855625,0.0
-0.9903105098786049,1.9637482689491985,-1.0319637104279449,0.5329030020666755,-0.6201848852925793,0.0
1.3189135041035436,2.9476986373093546,0.3194317431514013,1.6929939591856455,-1.4050785762263658,0.0
0.6041888168323116,-0.031568221164644306,1.3022619376922102,-0.38564882338795525,-0.9732513703356543,0.0
0.9243690696829988,-1.6231984429822894,-1.1488429464806946,-0.4999325086206743,0.14980753839035427,0.0
2.143732084867459,-0.8467541228671177,-0.7843713860777121,-0.5966589918324867,-0.5149771091615083,0.0
1.0136011730861978,-0.7129964594724338,0.09033077168188841,-0.37095298441455093,0.3653803553909205,0.0
1.4958762131398753,0.5423503392950773,-1.0013624691992935,0.34634342724454115,0.9011900777970455,0.0
0.41419430497250836,1.6638918387264532,-0.1599812157573302,-0.4054821830143825,-0.1572065498155552,0.0
0.4619739823183574,1.2382783190118585,-0.5636554260241574,0.9315190851080927,1.881482865399626,0.0
-0.6158447622644186,1.073799961302809,2.0083642271775,-0.259447030374371,-0.2835590960273048,0.0
0.3621663633345513,0.7484790806168953,-0.25873007254299,0.469187793021752,0.22143626808995603,0.0
-0.004313029418976849,0.8295809680140405,0.032463801509383494,0.7214851436309002,-2.384144710891611,0.0
-0.4426971306608983,0.32268356682121446,-0.5482636169002257,-0.02835139593645941,-1.794950341521226,0.0
-0.12718386407838672,-1.200974045831478,-1.498509789567694,-1.1278488283581567,-1.9033905839490866,0.0
-1.1894471133146742,-0.4433582163305795,0.5188563689756793,0.518606738797347,-2.5592523951021384,0.0
0.7848594353701348,0.5313117954450782,0.45538894292031734,-0.9579361321504447,0.3339921155339698,0.0
-0.656281055715426,-0.17367734271752605,1.0501778499310799,0.03156091152909796,0.8949292418419031,0.0
-0.2609616170761115,-0.2053753027688033,0.4697028439633877,1.3508998160877337,0.48932905719759734,0.0
0.5615028188996848,-1.3388473474622304,1.7534055136973934,0.772292208593018,0.3807199111622988,0.0
1.4314563606057504,1.1135433771913426,2.2102097134970364,0.40280694677997625,0.4411581077711665,0.0
0.8203094597619043,1.2839161172206286,-0.0017182335167629237,-1.4884025981751936,1.3627505070714692,0.0
-1.1692025311698921,-1.672377515663072,0.29890154705504646,-1.0489062730008945,-1.0126940817300638,0.0
0.628557920689564,-0.5611697205582341,-1.0739863055363452,-0.5118276479589424,-0.5362020036028115,0.0
0.6034683683719294,-0.7301124239621816,-0.5217059201166916,-0.15916007128532886,-2.675363964426709,0.0
-1.215388572853834,-1.2440364964314328,-0.5132264822638559,0.37048993609976816,0.4893302788328875,0.0
-1.7197568746768708,-0.10765454067622626,0.6618985427560393,1.116912049306992,0.03124967704247178,0.0
-0.36968586679331283,0.20942798773230084,1.7234281553089021,0.8972959580315163,-2.9454448637164634,0.0
-0.43007325913003,0.3312295080034684,-0.40942105016135066,1.7196747629992697,-1.8748954300877105,0.0
0.9437033656572953,-0.9948240195697793,1.1332712694211933,0.5689178293344018,-1.4632910768405947,0.0
-0.440722989341971,0.15161109111885213,1.0479304530502045,-0.16029445549344362,0.31307003308593995,0.0
0.28859483200064967,-0.32547748318933795,-1.2938940858227554,0.9417607667523603,0.2251222301584106,0.0
-0.7860920442946091,-1.8047732884754006,1.970588063541689,0.4621588754305367,-0.7045876059197365,0.0
-0.5777468825437498,-2.4409278811164365,1.93700654004373,0.32535893002542293,0.4769498929867111,0.0
-1.974176162134835,-0.4033020570318975,0.462904730255807,0.6378236437580687,0.32528569161441534,0.0
-1.1213330189010162,-0.9790504828832882,0.14177397857665397,-1.172850668044532,-0.004044456174136651,0.0
1.504254071611348,0.5753059103466287,0.06273624984059911,-0.01772635626159308,0.645623198436221,0.0
0.5560605922253243,-0.8471804234399702,-0.8786672752829078,1.0831902985238666,-0.2841873002923419,0.0
0.17155177910393754,0.5693963664959716,0.19300872313799494,0.7839949902645407,-1.1906353133774705,0.0
-0.27401039583199255,-0.38563103334830406,1.324452712898074,0.7833224377490062,-0.08939025599814066,0.0
-0.16557551430629927,0.37821364660279955,0.3775539904918044,-0.18861514297667167,0.6485285035046584,0.0
-0.185420533191352,-0.7337046472973117,-0.04203579129818651,1.350510695625238,0.06937235722243873,0.0
-0.058058344114074956,0.5401578077559026,2.1996958440609857,0.7948666897538647,-0.3316827230007609,0.0
0.8380614169307699,-0.48149706214265064,3.3884203958769854,-0.5514722812935944,0.6408103535513711,0.0
-0.5406878659543609,1.1639545829987898,-1.827751722558211,-0.9040667691048815,-1.4939052239199537,0.0
-1.3480246168287708,0.8269657770863956,0.49702970770300103,-1.0738703621484267,-1.01515559175037,0.0
0.5833662403416146,-0.01636768078376058,-0.5615440644297005,-2.34464270100835,0.042212526946647566,0.0
-0.9654617416549456,-0.19033455823951143,-2.0853518294057856,-1.913458669316007,0.9963549457207619,0.0
-0.002138770172965543,0.13293062593629443,-1.7990006709791562,-1.538897311175854,-1.2525397429531455,0.0
1.4152293262299338,0.6978021570901777,0.278356356775479,-0.6263599521944154,-1.4568468072430498,0.0
0.10062581259591963,-0.35992565372961055,-0.5250860276571734,-1.5111677746249836,-2.1890586714951086,0.0
-0.12313342823951369,0.29102580062464245,-1.6476691302151827,0.628375544233887,-1.0285992265785224,0.0
-0.5080936626342936,0.299163959579197,0.2848966144382256,1.8344546334798537,-1.8810759043539145,0.0
0.5991272319112552,-1.557872439899852,-0.6531563128585762,-1.0686708885717313,-0.475713912037627,0.0
0.8216405877398956,0.6034531632484513,-2.940117474618405,-1.240452799244018,-1.321994197200855,0.0
-0.674069346860299,-0.58486829225069,-2.7326123685142854,0.2927397679472839,-0.9464628411104608,0.0
-0.6026632316444038,-0.5798420075325703,-0.12840629539685122,0.6052443537963265,0.48660032251297136,0.0
0.09582122916126279,0.7232866415181867,2.275607054456326,0.2710736011390422,-0.7643810596535617,0.0
-1.512288539821865,-0.8046472522404411,0.9526181473330035,1.8652622955867912,-0.8384190484718513,0.0
1.2651366751772857,-0.1577303683288733,0.6821551837170328,-0.26923740126086737,-0.782443036013244,0.0
0.534929111065438,-0.41413936044205835,0.001094808414996951,1.5020236211785074,0.6981160866800118,0.0
0.06481907464729589,-2.1662635383354423,1.4691687785475134,0.6966450691611444,1.3248168273502423,0.0
0.025124295655530485,-1.9525847077200238,0.9186352097027608,0.4822002046258259,-0.6193057484153368,0.0
-0.5656786670219861,-1.707558584930986,2.475549434863146,-0.8992478366493573,-0.9119108864376037,0.0
-0.017306475520302594,-0.9889568028669617,0.11071568925724556,-0.5170026491713716,-0.2931140726904612,0.0
0.8013847335746885,0.04032344902535029,0.4095637686390572,-0.19163572510474428,-0.1271109781242074,0.0
-0.24273817787877422,-0.5335195962532358,-0.7004454660923273,0.4510390603126713,0.8813981379828186,0.0
0.5114261603398598,0.5732097403480009,0.24223384216747534,-0.37846464939463975,1.6887968938887186,0.0
0.3881290698005978,-1.9151720908905931,-0.4165332480425169,-0.5715948304452496,0.7152613991028633,0.0
-1.5326451012520952,-0.17963837282356487,-1.0604480382774566,1.0524288533467792,-1.496818231645244,0.0
0.5567513454575825,-0.42794874163878466,0.985299185873264,-0.5579994074041443,-0.35498457655670357,0.0
-1.1048563487378678,0.3592751689927519,-0.9840802548926502,-1.7354466038301857,0.13724737245465246,0.0
0.11548470897708879,-0.12769972952280817,-0.9716083993001795,1.09922485671466,1.1196580887224425,0.0
-1.0399631799477422,-2.1367979738979055,-0.04683295906710827,-0.8835769173209067,1.7272577207668092,0.0
-0.887812069378509,-1.7284020227657368,0.3452706274280979,0.038495098806025585,0.4093669607927788,0.0
1.6425533840644326,-0.09442906065780393,-1.2631007715770441,-1.4891909161986339,-0.6327691259432471,0.0
1.727533358904811,1.6247983472175673,-1.6261885220256165,-1.0135449225938666,0.38994528990702404,0.0
2.062125671119189,-1.1936627335915806,-1.6746683078966536,0.3454080909577942,1.1297141826233956,0.0
0.4032848940350021,0.011173112583840072,1.212024671440068,-2.278540967548785,1.2156452039739873,0.0
1.6901588928971785,-0.6509234520196606,-2.1844480376045654,-1.7837607716277186,0.5585067223107271,0.0
1.2963317727478327,-1.1138782551832604,-1.449940212758474,0.8934438037785003,1.524759215001524,0.0
2.578403500728741,0.12551212225946384,0.4669989145458928,1.388571604484303,-0.3462565321911665,0.0
-0.042993327072071263,-0.5251985655288696,0.07466016523257424,1.1905306934404016,0.00019812926257403718,0.0
-0.537851678313009,-2.153854126175536,-0.05461616547534465,1.8205361223194132,1.9644087025869497,0.0
1.5506325101889509,-0.38409153652671163,0.24181704383097102,-0.13277121847036422,1.7382722941121944,0.0
2.947179035477844,0.6808836372955589,-0.03577299374084844,0.10307469538047877,-0.362659761692417,0.0
-0.24122268555608284,-0.4747629199700113,-0.06006706701254358,-1.016648505930536,1.5315632598212117,0.0
-0.9257014249887369,-0.3480179106302894,-1.696272199162264,-1.4608208130267497,-0.025585053259500667,0.0
1.2718973025117446,0.47442264878196816,-1.679340546874626,-0.6770354653349944,1.2098395629678884,0.0
0.784850844117579,-0.14478027941687663,-0.6118647750492069,-1.1681288112323176,0.18929420120684265,0.0
1.6537660404811545,1.9024387186095015,-2.1659412217289837,-0.542405090636362,0.2944669625080221,0.0
0.5166679620339567,1.5906109341023238,-2.1744594043476564,0.1928627405958312,1.0045824618505115,0.0
2.012295291094013,-0.8138260755231682,-0.6179058206071845,0.36323949192057925,0.29932034678849917,0.0
-0.16832292779021263,-1.6444112930043757,1.0332401358640504,0.686868898287421,1.383861622836074,0.0
-0.9701782378076069,-1.0399404277936524,2.598622793251061,1.119089452853894,1.4785528251951805,0.0
0.2387038981994966,-2.2519131266343244,2.828541177171698,-1.3748626378100979,0.06571142515136563,0.0
0.4157708924201299,-0.48652345935667707,-0.6908056967496794,-0.43594071595949807,-0.07137432752432206,0.0
0.7137023260204067,0.3325994522227641,-0.3889163748653668,0.333142221007579,0.236934867568512,0.0
0.5890739989567344,0.5539591899777624,0.006404955267598961,-0.022131572457409335,1.1409724667313503,0.0
-0.39314846844095874,-0.9578303186768586,0.5494338257108232,0.4881209237133999,1.6701748482728078,0.0
-0.07552927752312084,-0.06353973655681983,0.30368207303898087,-1.3165790982934151,0.6407816483307553,0.0
0.7688953874606637,0.19699473636064027,0.03765149930645295,0.24159827691575592,0.17485882497872168,0.0
2.652416415110542,1.6872110834573384,-0.1981820736290918,0.0014630581401199744,1.6044027461680839,0.0
3.0403713745038203,2.307182640570856,-1.277866032852612,0.4779474930679792,2.449151369323108,0.0
1.2566539762335787,2.3657698772566786,0.026110800348707438,0.713526123984488,0.8158039673965851,0.0
0.1026191756444178,0.06752435852653249,0.6315571026810193,-0.5372176899743161,1.8785167693911804,0.0
-0.2352914886337188,0.3677258176603484,-0.4583012760121017,1.1254526178927233,1.1635594451447155,0.0
0.6786374688379054,0.39071961957521656,2.201935058714453,0.27701098155946047,-1.1743706309743904,0.0
0.7105210953812335,0.4328071821690822,0.6721383642994087,-0.21843878787477317,-0.5734075308225632,0.0
0.4041138525285836,1.115723384196905,-0.18521732223437776,0.7714741863131068,-2.080563547313533,0.0
0.4611361540627142,-1.1371194578281438,1.3429853425556706,2.7540889653763396,-2.1480638122478664,0.0
1.6754575872383626,-1.0686193198476786,2.587341090750417,1.6923082956941098,-1.881680966180545,0.0
0.7753001396050739,-1.3587350794894626,3.2361502157421853,0.20071613443314268,-1.410619795152878,0.0
-0.07648972445733115,-1.3031955109976687,0.9453010315091871,-1.9421508544639625,1.179411842064881,0.0
0.7013877340653609,-0.3525971095457715,-2.8639822992201847,-0.02406398509081098,0.9196956245205753,0.0
-0.7129338769391339,-0.06645456816554418,-1.1338285872502796,-2.745410471492315,0.6206518671223169,0.0
0.47174540469159837,-1.2047579340988845,-2.9453108345365373,-0.7646829822608694,-0.4949518221224709,0.0
0.37896812972614113,0.4595199931858678,-1.521791713940481,-0.411432564495467,-1.1966747485736704,0.0
-0.1560217569299131,-0.5141270623830514,1.0973788228363348,0.4512931804234191,0.8941909921711655,0.0
1.3567983904874683,-1.4076785727210512,2.487121330008267,0.044118528840291785,0.9772228720882856,0.0
-0.07496181394594792,-0.47333579320272035,-0.4399761313479371,0.9395710486989071,0.45395042936286084,0.0
0.23319418985924328,-0.8342726744422649,0.6158191742966368,0.16164276596146648,-0.14536547588264057,0.0
-1.2268169589816103,-0.1652350719557117,1.4755023147607953,-0.36393418556761564,1.8584921368388052,0.0
-0.2895778898728393,0.9390702356251864,0.7268413481780297,-0.7493563500717062,1.3550292956645222,0.0
-0.4979209093858244,0.5668228561463158,0.3692370396546717,-0.9581649293975256,1.8628032522523899,0.0
-0.5896393120122689,-0.7993018057061642,-0.5866914209847846,-1.2922343955047721,-0.18631594134317464,0.0
-1.478688515240259,1.9533392180614704,-0.42657517134779244,0.1291426723102631,0.44895330485638635,0.0
0.024903330782556687,1.7764853251577597,0.27228577410873456,0.21289118392967968,-0.9808989496690961,0.0
-0.7174471482496947,0.9343928007815921,-1.084925238376143,0.897242179571087,-0.5254069377914374,0.0
-0.6322009561671809,1.9140521199246294,-0.4934423184910602,0.3328398550917641,-0.6455751235266993,0.0
1.4412366575941578,-0.18341995886253204,0.09525805303657668,-0.45634531254080346,0.20322496167771031,0.0
1.4074713326261516,-1.4956099835794434,-0.7442868819177844,0.10531679690825912,0.6284117284072901,0.0
0.21744016948958778,-0.4276563628148064,0.6849295075457296,0.9898660995765837,-1.9187968666607085,0.0
-0.033117666626549344,-0.6071425039492785,1.200159851918005,0.9388352970991976,-1.7336356489222835,0.0
-0.3049061429897612,-0.05294923239534888,1.6820130489693863,-0.44894500159831896,-0.9053983175361707,0.0
-1.3000445882592442,-0.021524699986873272,0.21913456878848414,-1.3501843688552888,0.576455479187929,0.0
0.09331997914878143,-0.9236355924554785,-0.7517720082585482,-0.14450552683910378,-1.5247392968009086,0.0
-0.4112123592587403,0.007839624809248658,-1.854331246417046,-0.5592948774387152,-0.18030855283907898,0.0
0.23874230523157128,-1.3111145063960357,0.09752670672868824,0.3713828180280232,0.5119606174032929,0.0
2.391704463522715,-0.5919024073948522,1.3088919325219726,-1.4009730160095586,0.8646529081719659,0.0
3.322669987000139,0.5883840132466329,-1.0984005506700187,-1.997268555064168,-0.02523680343388157,0.0
1.7448789297307234,-1.788405543978265,-1.7064443367700448,-1.1013808886416203,-0.8476768602520883,0.0
1.0241724042152762,-1.1052266507865633,-1.4938869919875661,-1.4476417555190226,-1.4071839068849845,1.0
0.7277813209265263,-2.1340162056766294,-0.54565632729566,-0.8281389197977477,0.42353285565143384,1.0
0.7165666788825492,0.6022624272358449,-2.8234890491915245,-0.28039602854335166,-0.6286462624000296,1.0
-1.5478631317770801,0.6598450587116633,0.9897627901942223,-0.5785589103811454,0.9114811087843383,1.0
-0.837066712791545,-0.22320886736660783,0.3490943901883563,0.8152965790843036,1.310516264884116,1.0
-1.016299238748104,-1.5304235634392822,-1.5905317101614171,0.13527851539052071,0.8851113887864812,1.0
0.3448894768457843,0.5414390206865562,-3.3775396856609934,0.274842779782115,-0.34966495781678014,1.0
0.5239013645445497,0.3605564102648787,0.05688259835705389,-0.9699326910028562,-1.1805906312902947,1.0
-0.04349512782621734,-0.9678776296048198,2.2824884846464073,-0.6509512318798957,-1.7013518111023922,1.0
1.1026120261723202,-0.5447283308939139,-0.14122483638182112,-0.39203208806146617,-0.24985402330484296,1.0
-0.05748449813164391,0.2678676956892173,-1.2966509345533697,-1.6358077430577664,0.4756508030633453,1.0
-0.10549428126404373,-0.8825512422036366,-0.08839036021859255,0.28042865770731834,-0.8358490164979296,1.0
0.9402374140578542,0.8489716779499041,-0.334731112989197,-1.6732461999078907,-0.13575605909342545,1.0
1.3842518013452714,-0.4123646926308924,0.5362357340403215,-1.6393222056034384,-0.9310041383984353,1.0
-0.04231947177902906,0.4396221612448338,1.820311920610293,-2.4793245465267093,0.16733118843619027,1.0
0.6788745879192228,0.8093681318212732,1.9696546080581734,-1.832547284710611,-0.9839136786548964,1.0
1.264086297949316,1.2631088101473227,0.09862976509100596,-2.10166206086876,0.4635617067215992,1.0
0.49084964025827077,1.1984839099869313,2.1505946135768372,0.34604824205513507,-0.9256049148221919,1.0
-0.5482207281269068,-0.297601260568153,2.4356110476048514,0.11264952183880816,-0.12063694653500537,1.0
-0.635633910792476,-0.06937603562120126,-0.13137285619368702,-0.004909319219148167,0.3182810291240886,1.0
-0.029265268130288208,-0.11308100177342982,-1.8537697275702847,-0.6815587123443406,-0.18793026226415097,1.0
-1.5242927060221558,0.9876477846942905,-0.4215257125385501,1.4509696069242004,0.846763594860606,1.0
-0.3044815140004743,0.9652075021291977,0.994692771036238,0.5989341453815875,0.6335966410020035,1.0
-0.17180628481912347,0.4652440273211096,1.1884402060994321,0.9393432186307678,1.1926534218164844,1.0
1.6840882668514725,-0.14919410537744546,-0.27784852465893883,0.6875767158442201,1.3862776498866525,1.0
0.5862630379143393,-1.4016222804935898,1.4274696217627998,0.8385104715505077,0.12127201720129965,1.0
0.0163204967064719,-1.2394954245354584,-0.6999651262710493,0.9774655996867438,2.0587453537329172,1.0
1.6976894516040415,-1.9616577497864829,-1.3149383620557402,2.5976816092799275,1.7892965698443222,1.0
0.31281852146850964,-1.1540183603311907,0.4598478542482466,3.223179538724703,0.05347819074457849,1.0
0.6173584903616968,-0.07076309395066338,-0.7320576207208302,1.82626602083063,0.4394999188994428,1.0
-0.8629680591248643,-1.4963845605403079,1.1562797052151506,0.303410301750186,0.8235795428148115,1.0
-0.060837090727220655,1.8798252996869422,-1.9237578007110598,1.2447130038375436,1.0936991485674477,1.0
-0.11714458185007201,0.7917004065542098,0.7014131591584296,0.846092668840253,0.3679198009787736,1.0
0.4754693579900358,1.2441059957085892,-0.3881478730897173,1.429319385903986,0.6463437968861558,1.0
1.1241824822495732,-0.533642816713228,0.2786412480425111,0.7754966877967048,-0.5193242706754293,1.0
0.12234656650082687,-0.2868898232667365,2.0141894582806934,0.7578869566715752,0.15949779432950695,1.0
-1.5348295612092022,1.7418700169411465,-1.56243317063538,-0.16132252909163547,0.7432984262647934,1.0
1.7477665548229226,1.1468379967031241,-0.3772390521467377,-0.5277608687447441,2.035195812587811,1.0
0.23800099074408682,2.2355033118548007,2.892100959214134,1.4984117749045434,1.4647243289714056,1.0
1.2707542533766678,1.3461582100656109,1.2439020228281987,2.5738084579680134,-1.7420385272356518,1.0
0.6785932371847456,-0.5218091496236785,1.8294959552863999,-1.1410921310903168,-1.175566548646512,1.0
0.43545577771708716,-0.7184800884579048,1.0467072234048471,-1.653499293319391,-3.307692532402573,1.0
-1.348868764334252,-1.051798132290708,-0.7487303481332181,-3.766382340694537,-1.9198082298376051,1.0
-0.14099905290314257,-0.38462403301271186,-0.9577362982820046,-2.7975547583504183,-1.9180644459747611,1.0
-0.016082576305395585,-0.135370131376342,0.17698023249475536,-2.6350224468746264,0.35077560262573126,1.0
-1.3677831930998505,-0.42472950176376506,0.03281594995627388,1.88523921962491,0.9504356312774177,1.0
-1.9916304285845512,0.5088936234363173,0.31139032885739626,0.7132480262230898,0.7398157507369703,1.0
1.4816002443694947,2.030514511646842,-1.502004695683146,0.12838329449167518,1.8309222632678825,1.0
1.8077409404421376,-0.5651972846371639,3.0933894455729956,2.962520501032639,3.4270706170052527,1.0
-0.17180979652651507,-0.8133504238966427,3.447749684659433,2.2668417912824816,1.3060858646059648,1.0
-0.18112638866508754,-0.9056531970733639,-0.5541217148298712,0.6646353573457031,0.26178623749151175,1.0
-0.5323718079550486,-0.9768332244402776,-2.6457727346957878,2.121137673690977,0.6654735647474542,1.0
0.11643659493546357,0.6798239716354009,-2.9925499584462383,1.1517641861591348,1.806014704285897,1.0
1.5193271882299524,-0.012527147555000673,0.6839712980777931,1.5732135836005208,1.293926536542073,1.0
0.7906350332062233,-2.380847178828723,2.9717200902194616,2.054932768985413,-0.17968683369701466,1.0
0.08425643510445793,-0.7745417528495335,0.2313433773740664,1.7067245993193216,1.0768094925479332,1.0
0.8844752139435457,-1.3172730349560748,0.19162613950723684,1.7378451489546183,0.3297029578838583,1.0
0.26634563527252003,0.5418541092243758,0.2979022708961653,0.7737196202346671,-1.7739066546207942,1.0
-1.6071892789253734,-1.3107658677754983,0.7324898623253443,-0.564478422800025,0.027692500906844497,1.0
0.8434567027175394,0.08800272524299807,-3.647597739643639,1.2990537142528693,2.1983504533995335,1.0
1.4606867786351716,0.7306454105561723,1.2597062722965526,1.41907940793013,1.8853800172232174,1.0
0.881156269216057,0.08581264411940295,-0.4986840179432206,0.5503332216866053,1.2630573636943074,1.0
1.2911447905520252,-0.18240531883871594,1.1928413726072025,0.760541754426192,0.3137734219012521,1.0
-0.16393647416661616,-0.1230510878860763,1.7067046930001148,1.169039857427186,0.7064842532524835,1.0
-0.5407660256157814,-0.4780707783785047,0.2487894866480263,0.17325122719667785,-0.2662653030925726,1.0
0.04618124524075465,-0.6641399203557348,-0.8898115176045739,-1.0656525140347974,0.3962769725310715,1.0
0.2461363934227566,0.21378430354186848,-1.386175326234239,1.1307439845167147,0.479895987878198,1.0
0.41485056763154743,0.8487464867543222,2.0888497656183564,-1.2961232197179453,0.44001250551962057,1.0
-0.20454864116181223,-0.6187702749188577,0.058185070515136106,2.0673039165744203,0.2327645088992805,1.0
1.3491059987980185,0.6553636595927833,-1.620997408193758,1.06620976836197,0.5530071429148664,1.0
0.97641587178753,0.9591892902245052,-0.3525522294906467,1.790727634987394,0.8832604645990287,1.0
0.2595908294316561,1.6466626518515035,2.25180493576769,1.265530407096441,1.5921801052044537,1.0
0.2392122443949959,1.506062564193594,3.261123531395986,-0.2591682372179307,2.492297234429705,1.0
1.0604292002340896,1.2511291160293907,2.082855964688526,2.721282773594788,-1.2007352872904131,1.0
0.29359831619672183,0.21275169119104906,3.330902511867021,-1.2137340934424752,-0.41522326903665707,1.0
0.11992244590215317,-0.27746960772959905,0.5507681094958138,-0.4413088079334827,-1.2474412672768047,1.0
-0.2222062607012082,-1.9868109706789723,-1.1561213642806765,-1.7021222525326398,0.24572260661124512,1.0
-0.8364878448639304,-1.5773009248387964,-2.647284122542006,0.5572244057171327,1.7923639947158203,1.0
-0.07743612343904849,-1.8008716341759454,-4.197410378493354,1.1591379954227172,-1.2471503421604828,1.0
0.16860292162598456,0.06834666980876325,-4.8521670683497815,-0.9752484668066406,-0.5498648992883999,1.0
0.9418358389270397,0.5810805416591092,-2.2649253703051846,0.9184448315111453,-1.2237895110303703,1.0
0.7255901467689989,0.2305579959895104,1.077372521229295,-0.2702569791828122,0.9399678352937337,1.0
-0.18090772810592198,-1.0025673973185922,2.8264908954229444,1.2504535713051907,-0.8078627291999624,1.0
-2.0624502540041583,0.5279531033179499,-0.7790493590337538,2.1074308220745417,0.334035263105091,1.0
-0.5752223559388279,1.1732817130854667,0.4969529494352236,-0.3673944757496804,-0.9373014876780109,1.0
-0.7686553335211787,1.0187218023559168,-0.3853521912273994,-0.7309600204483806,-2.3206875634958894,1.0
-0.09213011199190277,0.7013357579458324,-0.5769516114450652,-1.870538757952272,-0.2121093622436202,1.0
-0.9523914843109678,0.7942722904513705,1.821102508008545,0.6755367972054553,-1.183012285957056,1.0
-0.32250313967392624,-0.18933087260757125,0.5090884307995944,0.30241000236404425,-3.6479399981693006,1.0
-0.9064204666578883,-0.6351107526160188,0.4807509630332767,-0.37779909010814317,-0.9142659455424674,1.0
0.7558117712663985,0.4063244579235246,0.14416368605950436,-0.811529286400173,-0.07841535593310828,1.0
1.908624922116735,1.5035598865732918,2.6835738724712854,-0.4968093975099406,-0.6292369629551471,1.0
1.0684821324437253,-1.1192574365728065,1.3136502803128076,-0.06708318569198979,0.526363511799798,1.0
0.2077631768800809,-2.080292685162459,1.927231847544947,-0.8388735848980233,1.2882174853110504,1.0
0.1663129548432501,-0.7257131553375243,0.1826953913347089,0.9363265592687857,2.4595351316343605,1.0
-2.1135084836996842,-0.2973092599592913,-0.18071137539691062,1.981419454132165,2.5626370015338615,1.0
0.3210404548977177,0.10995670258921074,-2.8812678082671224,3.03113851754057,1.0247067394049654,1.0
-1.1302772586852363,-1.2429476653097427,0.30395909175616587,0.7771103259641639,1.5568239228876377,1.0
-0.14169595924751255,-1.0404037608510879,-2.1892760266239515,2.808621681376358,-1.9529047583708108,1.0
0.1496714571832873,-0.04743623991063367,0.19379702192878523,-1.5025402796314982,-0.27892598569383964,1.0
0.6827202472794718,-0.9483426031735708,-0.9374728723120039,-1.0671681531917643,0.7926780861861916,1.0
0.39001148767732374,-0.49105879887302917,-0.28923905481690343,0.9584621321231028,1.5171612427649452,1.0
-0.4241806618425343,-0.2803151366501062,0.3588701127605095,2.829780186653739,2.0579298780680877,1.0
2.5758942739670925,-1.1693015509159024,0.3404271748541745,0.5241061296057332,0.6328829695694779,1.0
1.8077170659304898,0.47367994578820943,0.05835265001407963,0.20639692858239383,0.07529778892770977,1.0
1.1721423083074516,-1.0669652454733616,2.9840123687978073,-1.3825661000212472,-0.5286093401961653,1.0
0.9252838316765319,-0.17583874644681932,-0.5657265675371381,0.08748535623255005,1.7657497092051941,1.0
3.4687476120558247,-0.7078976165839741,0.5419495247228363,2.2624011884148514,-0.6652398501220609,1.0
1.3262406770120978,1.560771339845176,1.1319938912365455,-0.9195828933943706,0.21077541915621045,1.0
0.4260945902592033,-0.4430663573618677,2.754240168606296,-0.5056570293031104,-1.9907641029499774,1.0
-1.166548068535444,-1.0330192458327945,1.6331212717269064,-1.9529690917301776,0.17057900252516767,1.0
-0.5516652771083898,-0.9678608240400941,-1.2443808799298695,0.3931493449240688,-0.22299470148795192,1.0
-0.27144274917697575,-1.2575126569755757,-2.284157781486403,-1.1605073735351987,0.8430619110543964,1.0
0.1891911286060532,-0.4316467840413459,-2.8880848487239983,1.4303287710797865,1.0698129871376278,1.0
1.0808219533718026,1.1649539702537584,-2.064582388055597,1.200109785813962,0.14806071789462855,1.0
2.120888071364341,-0.10160627488794893,1.4312392539401808,0.6192612905226037,-1.3610381527148043,1.0
-0.36154354536524125,-0.700375960154163,0.959411505531362,0.19052372883493562,-1.7572204348187443,1.0
0.3735109008325117,0.9095937299139608,-1.2226506552546446,-1.2906046878309134,1.1764280596504388,1.0
0.6492443182113805,1.4144661892982895,0.10290301965853443,0.8129086498805231,0.5688833462670758,1.0
-0.020745180744624614,-0.6950585123153689,1.3171068007865543,0.9434498029208955,0.9987505037221195,1.0
0.2366941934636625,-0.8514834006222249,0.5235622670339151,0.6500299089856125,1.570733439532857,1.0
0.7884035114561749,-0.02713320797556673,-0.3718947643972545,1.5195900887374605,1.0143280394425822,1.0
0.6298946339153649,-0.8198802261132746,1.2849261198260833,1.5619200452481037,0.4189374452370626,1.0
-0.4965426446094534,-1.1547759077461688,0.37854254901191214,0.7158834852772377,-0.7265501235801118,1.0
0.18603172054212447,-0.13255102588698714,-0.2247947197489888,-1.1782220848379792,0.3958814543223938,1.0
-0.63310267045448,1.5084444985498258,0.8680873958334758,-0.3118340823847905,-0.12998916338330882,1.0
-1.0598976078140805,2.0730130030266603,3.0798106948641077,-2.6484680965120018,1.0846108266942898,1.0
-1.257009794230417,1.2586037135528672,2.039500580248159,-0.6730244150715042,0.36986400427081134,1.0
0.07844807208066829,0.873355933311919,1.4069613896858422,-1.7219129435288025,1.6802432737107498,1.0
0.8050656230072094,0.3040218956268649,1.099207130848225,2.5691304253313074,0.08664616568421446,1.0
0.8984724482239218,-1.0045419487383367,1.8289188080191834,-1.0444251849424728,-0.7799080867117512,1.0
1.107894907115975,0.20341562773722088,0.9905584086454748,0.03159870800812958,-1.2774113829315497,1.0
1.0380749373483114,1.335666791677245,2.125572000542895,-0.6322294313219935,-1.4450089316726409,1.0
0.8122837056663954,-0.48536812200424334,3.2834950221042147,-2.3853202643829867,-1.3891680506888127,1.0
-0.11835929578396387,1.030839054116359,-0.2977253058676177,-2.8401060460118357,-0.8024398173100028,1.0
0.6813200256717223,2.892653519690554,0.19124516743148479,-0.7982489643164921,-1.1643501009624606,1.0
-1.9642548428032214,0.8410637460006661,1.4958625283992704,-0.24980779475836512,0.28366724160738077,1.0
-1.265781990919832,1.9452975610779464,-1.285168154933801,-0.16591160171770725,-1.3742165067315621,1.0
-0.6538987722657259,0.2589943916559086,0.5325268455909262,-2.603530612824196,0.8664592067232025,1.0
0.9100347196894671,0.29135890594643693,-0.8317262477242635,0.31740298406965284,-0.38554263301059327,1.0
1.256044321519415,-1.8820572103840412,0.7043660601113039,-0.45875848784804263,0.3061223973453602,1.0
0.041357819188459766,-2.093983515651092,-2.2145450632868466,0.32510304058802425,-0.19737087485656912,1.0
0.6481210380328398,-0.1431127035675147,-1.0069501000144587,1.2220801748324284,0.04373365364881111,1.0
-1.3892539668650357,-1.0610117397850405,1.1133633525903044,-0.027538476928538225,-1.1097294992598736,1.0
-1.202098734733981,-0.7626675463596142,-0.441893522318473,-0.39117382851972915,-1.7546735221622298,1.0
0.8480290222629012,-1.2032027766613016,-1.1177486605591693,-1.4173218487725956,-0.20410231028558107,1.0
-0.8581806021251035,-0.4942952460013479,-1.0073610067915295,-0.1510415401664834,0.6087842964069771,1.0
-2.163808579913914,-0.6348799391511046,-0.9364508772926521,-1.014465914482297,-0.6268775336438132,1.0
-0.44530063053728974,0.3291399671086719,-2.295031278060249,-0.656063196619143,0.052211008742304166,1.0
-0.263878395276617,0.15396763778004582,-0.353098663692944,-0.4627238784461043,0.25442898373572775,1.0
1.330404134637455,-2.047763370832893,0.631045835806664,-1.719943545307233,-1.040228633563764,1.0
2.176117930548804,-1.1473761184549804,-0.523230205487873,-0.79082545657547,0.20778625188174776,1.0
-0.6063204462086925,-0.43047383972498504,-0.3271527095131429,0.35431567975954187,0.22695164952836436,1.0
1.0409781395715478,-0.6669007100995923,-0.6195415904379817,-0.46044269180237035,0.5888133492989056,1.0
1.4432789508816826,-0.575012489984999,-1.9730471543695978,0.5166646883537136,-1.7705753596450848,1.0
0.7891929279615646,-0.5860651197009537,0.19848133940048845,-0.09445642805817678,-1.6495301603146961,1.0
-1.4314975693414027,-0.0674549641524821,1.972562005362472,-2.311940287701286,-2.0258669803396154,1.0
-0.9912214733895655,-0.8981745337970896,-0.2867466286355046,-2.041406476955051,-2.0765383621312727,1.0
1.573174042480809,-1.345713634135067,-1.7156978149801834,-2.038530960175689,-0.2929448578610545,1.0
0.0265471663574276,-0.9602872895261412,-0.7503041352653679,0.6056973641747538,-0.22563402245165473,1.0
0.9843992791990073,-1.24676960493328,-0.7010431433526723,0.24267402220710638,0.21098617404460576,1.0
2.5949274989113786,0.3115185219130545,-0.9750904865872023,-1.185658829785966,0.940315623802032,1.0
2.0109651437104725,-0.43535685072534636,-0.17587016212225537,1.3615514221244156,0.3754029799107542,1.0
1.1223724925268284,-1.368922055085555,1.1056735397248791,0.691814257092135,0.6632491935663619,1.0
-0.47813332893525723,0.986065087945315,-0.989715062501191,0.9561618660706821,-0.35217358105092517,1.0
-0.713749354225053,-0.7511611481062892,0.6497166611130818,0.4937355154067981,-0.09599896366931818,1.0
0.4951946559844266,0.31775704225492907,-1.1314382318273704,1.215593653736097,-0.1382860519066189,1.0
1.054868074324247,-0.1649783180229692,0.022148445882265777,1.5388622814678223,-1.0192856564517185,1.0
-0.11753145271887344,-1.9968353986242688,-0.22596014182732627,-1.2504937384499097,-1.2226284524201019,1.0
-0.22199453818370257,-1.1105174839421057,-1.0270221477413546,0.9683919650637527,-1.1991799815547095,1.0
0.8785392480167925,-0.14567272372347342,-2.1227869352291706,-0.777630553780766,-1.2603884003118262,1.0
-0.2411923997756552,1.957445135286755,0.44982774902526146,-2.286026942818266,-1.0714129472456448,1.0
0.2134458473858323,-0.6115059903460414,1.3114233192917355,-1.5612927003547568,0.5062084045386841,1.0
0.37513737459451896,1.8147231414934242,-2.496480808383283,-1.472891862588614,-0.017653824083285835,1.0
0.18742840418518805,-0.3918610577261248,0.12777447941714115,0.20848640039842148,0.32157422235378164,1.0
0.8965679697623213,1.1919192395983846,-0.4168940141802835,-0.5610048212299241,0.3532216619796412,1.0
1.3296910032599545,0.7578894506510998,-0.039676126977228554,-0.24464090803175476,-0.3988068808649696,1.0
-0.10279439741592811,-1.3170229827328672,1.8985534896186262,0.7980873850152979,0.08462007014750281,1.0
-0.9520100670695361,0.7151887971014572,-1.391765344033613,0.1796924499806487,0.7876696611838975,1.0
-0.3273475226262131,-0.046519175986434014,-0.45054633655643583,0.5019455492847572,-0.11415746445095132,1.0
0.8713971889975277,-0.18217508772057206,-0.9615245970865868,-0.16928433515594038,0.9846807395174684,1.0
-0.253009599642962,0.20215076064757692,0.8006785015838473,0.24669288560272445,-0.20125134965062919,1.0
-0.825624563447879,-0.17288635793781812,0.2937695392689692,1.1190005426278087,-0.11954202144503565,1.0
0.629542432708486,0.3932267820422349,-1.1004209128178815,1.0717528512599883,-0.5348257657963726,1.0
0.40935576233146664,0.33311196089411027,0.49491446452542837,-0.40734031703943707,1.1440130941865398,1.0
0.8572195282739362,1.037500004250801,-0.3233839993757863,1.324943267783976,0.230895324570604,1.0
1.0694007941360966,2.7506845593940628,1.5498862412863181,0.6382199975999007,-1.5206137914946938,1.0
1.7236802516413847,-0.48642404738179146,2.324023396548793,-0.23356280123672946,-1.8340629329517024,1.0
1.5063968938033485,-1.0846118634382371,1.2330042848789584,0.0026733096095308273,-0.5847889007905779,1.0
-0.36248433228657795,0.46475585744997877,-0.5496917611362975,0.7065038177867722,1.0695165298751852,1.0
-0.11279750358978155,-0.5805913242314081,0.0452192036717178,-0.20259770333228233,1.396560940309511,1.0
-0.9348471154326696,-0.49698273473571547,0.17781139790112255,0.1355699981836318,1.8056316448016823,1.0
-0.9284100952844212,-0.1999451049439144,-2.0538295257069867,2.3094589934522385,1.4362961251896562,1.0
-0.6887085672504051,-0.20289402538223048,-0.22779819334860263,2.1180331518160695,0.900649076838407,1.0
0.497992770958837,0.3796459929084219,-0.5682337566102476,1.4605672834470718,-1.4824200375323864,1.0
-0.49155661611388546,-2.7641989166751064,1.233484364020256,-1.1730508085193594,0.5131315006600268,1.0
-2.004937347437274,-1.5354435120855252,-2.9268613827655297,0.8334283268064033,0.5535794182314457,1.0
0.532663735075518,0.42974985818155764,-5.057566447942523,2.6632174152255352,1.8061266685340798,1.0
0.9626438534606725,0.014781963821302424,-1.7512172421075012,-0.49955548281882844,-0.7000781812468546,1.0
-2.0973404208185866,0.2945635338335744,1.743004246670503,-0.07231636566625399,-0.2944200963918526,1.0
-1.190486057881858,1.3765421033857532,-0.9251201825647855,0.7146721961286238,-0.16360857861837225,1.0
0.0531564056972037,-0.8890091533431042,0.7630646130327579,0.8125841381375294,-0.06143071971166918,1.0
0.7979463050579914,-0.9635622979894385,-0.6116386324184386,0.5586535151622459,1.4793893032800256,1.0
0.11422539123853281,0.16772173344684377,-0.41862425335857245,-0.6979158831433421,0.8929385875701683,1.0
0.031101689134563917,0.46828083934002734,0.26628290107855046,1.136148988663751,-1.0258619313395423,1.0
-1.4326539483665552,-0.9129763383637184,0.04711017512087312,-0.4151711761943288,1.5493504587634706,1.0
-0.4211591820757647,-1.5953914128286835,-2.215120966716862,1.4783157043851318,0.7673727880511492,1.0
-0.8107815716522577,-0.6081158128473854,-2.009255859007796,0.921824475854911,2.0404458563489247,1.0
0.3261544281254563,-0.07320279230615824,-0.45782124362981347,3.4397003752691306,1.295111874788067,1.0
0.11001287142183891,-0.6896089446652757,0.23160244630179555,1.7640878704291887,1.1293267411619556,1.0
-1.1742967378630578,-0.8370552266434576,-1.2101649309119418,1.2184221911988335,-0.998865997474311,1.0
0.010280581750230222,-0.6872111066587925,-1.5253705816210015,-2.1084989838795,-1.3584745410634853,1.0
1.2733937659804715,-0.4195255868899258,0.8569879389019042,-2.795667271151236,-0.5123708643566874,1.0
-0.5777877031487401,-0.19841612076657678,-2.261979097250248,-0.3587836661717356,0.41799459582458853,0.0
1.0953729861250894,0.514456992596399,-0.6353961161652191,-0.7880210953394698,-0.7925646839301856,0.0
-1.9879961184285815,1.7496421236616224,-1.9307010547124548,-0.6012088906732289,-1.1756459735633444,0.0
0.13575760741791743,0.44038732109992496,-1.5678023424108454,0.642900436803863,-0.7704607019720443,0.0
0.9433939099716281,0.7200315578519886,-0.2805824099183127,-0.24162601193100622,-0.33805396476926813,0.0
-0.43457359310588584,0.39992096467401755,-1.133816693001899,0.21960454269951696,-0.2274288703992416,0.0
-0.8079128553509464,-1.0772921724280062,0.5057580484693547,-0.4061627918648935,-1.2373271469056895,0.0
-0.09108979396259395,-0.10419619013068601,-0.7237054762580137,1.2598851183898319,-0.42732795007231406,0.0
0.4700677838082841,-0.2846582673169561,1.2372652004645428,1.6414672129433454,-2.5954264854694307,0.0
2.045222627393744,-1.0345412747634242,3.7353220551518085,0.9870567724795373,-2.324527974618446,0.0
-0.06670905221865153,1.223475960005302,0.5006274813493137,-0.3513464498185267,-1.9292509517441316,0.0
0.42259075035924465,0.03564978585297818,1.4626322251739332,-0.14154169821097362,-0.28402613466573534,0.0
0.9335815170214082,-0.47549513320569303,1.8266091204020491,0.21007340766106666,1.2447002015909614,0.0
0.1565330558884136,0.8851738168339813,0.2283876980074196,-0.1035136641306966,-0.7329430088223171,0.0
-0.5342872307818528,-0.35773218168206594,-0.36603063001796143,0.01126334621788366,0.4064445060890421,0.0
-0.12897022431071425,0.17773740865518917,0.10682237950730611,0.027550957341025938,0.7023063715829713,0.0
-0.9379866400995066,0.44323352932665055,-1.2053259224643904,0.5652949427553573,0.21425907115585394,0.0
1.081900939655469,-1.1376644516884196,-1.5566907805739447,1.162512609216517,0.7415611665127518,0.0
0.5054270464236696,0.840978301483394,1.2659059142207658,-0.5759688695628258,0.022627650881968053,0.0
0.5169704482861999,0.07818021972841133,-0.5959966748264176,0.8914713651743708,-0.3011329051487726,0.0
0.8366896118149043,-0.316668828916688,0.006717935706637257,1.0697970292044556,0.12433041556722293,0.0
-0.4946690865668119,0.7885068898684144,2.0473237181927755,-0.761333679116837,-0.6103050824309827,0.0
2.250813235473014,-0.6840992942090727,0.015013742711352474,-1.6689919230836108,-0.2999396791458297,0.0
0.46478738055527213,-0.5246135044137438,-1.526783075058102,0.19661772520989818,-1.560857499727796,0.0
-1.286252698180777,-0.201253722639816,-2.155017438793569,-0.16401329784598725,-2.180454023278913,0.0
0.2152759489228402,-1.5052396722443595,0.3579546903456088,-0.21888323741063065,-0.12401511963823719,0.0
1.852433514710082,1.4651361132950615,0.3133027813569819,1.9448412737623635,0.1627448817533388,0.0
0.3771451578395708,0.39158805005079367,2.5869312703043845,-0.1694565368879587,-0.9425728789527743,0.0
-1.0340777244549184,0.7610272194199639,0.47359063848180527,0.5524437214907743,-2.006733866727381,0.0
-0.7503881669857848,0.32737709460051734,-0.46771515637084216,0.6304623863324113,-1.8494295883994045,0.0
0.4943574613130918,1.03535430899593,0.8285726883237967,0.6060561796107347,-2.2268604065937305,0.0
0.2275653657351096,2.261525057540863,-1.8404403656857033,0.9408817402519989,-1.3006536425063533,0.0
0.26134331725566584,1.6331511603696898,1.1787747435201203,0.9142743744079314,0.362829878083074,0.0
1.2069724517813842,0.9845519017981889,1.4777312668691447,-0.5717450595595868,1.2250691603805406,0.0
0.8695868600464234,1.2724472686599693,-0.09329766553797852,0.9944314230654487,-0.9095090170040946,0.0
0.4409506772214222,2.0624948257647335,-0.038342892617846513,-1.1150276702058874,0.9792547706802601,0.0
-0.28165311232955925,1.4581070764850255,0.6669278493064001,1.0281395975501373,0.20582583852334757,0.0
1.5261025978010694,0.28696208664516465,2.868205500317453,2.9627443761535925,-1.539579659264813,0.0
1.9458045766116006,-0.5878755947327218,2.0078595747467745,2.1850758482137147,0.24336096703115373,0.0
-1.6322174669230143,-1.1615996242719568,1.694116509597067,-0.04520336648393264,0.06512342030855925,0.0
-1.1750726100633915,0.6709687504521902,0.9416665933700306,0.31752438170509345,1.3281658949064186,0.0
1.0245107568423677,-0.7768821945370727,-0.8196461356633211,-0.0918957268623128,2.0758778222784597,0.0
-1.1073388265346515,-0.6104507485926415,-0.3516375913138525,0.5092664171760417,1.7118304544661167,0.0
0.9438642503840688,-1.536490346396275,0.7452063129031825,0.9583458722048902,0.6665453989423139,0.0
0.6220182698086933,-0.0016935543933951358,0.3347337516969985,-0.7578419752778709,0.7835851522323125,0.0
-0.6943867718581042,0.32035972825251996,-0.7489366971392162,0.544931187363994,0.36549278783081063,0.0
-1.1666309428953332,1.7085521660615541,-0.003946439252911271,1.2492170168016166,0.08870637273873952,0.0
0.28799180742857095,-0.5057353447325049,0.8587652008229099,-0.2875252821548407,-1.4925184697933735,0.0
-1.648108889090807,1.5160089645077592,-1.1323405379258222,-0.2200078734180434,0.5483689504931375,0.0
0.11619416592237242,0.5501554143302825,-0.5240768488707003,1.4025331944225772,0.014981569977186249,0.0
-0.262730040734287,0.5886715314145585,0.6488464635318923,1.5165298310242088,-1.3675387496964828,0.0
-0.8759669550617682,1.6986806878821805,1.0299747766750593,1.1142303826237938,-0.43922811282214724,0.0
-0.017788773303950622,-0.46778436087521147,1.5954394711360493,1.1069525746952014,1.1583996072859752,0.0
0.35669410806623575,0.1612068280999225,0.6973746900003182,0.7878169722013111,-1.4466905805140486,0.0
0.8541865902705934,0.7595854714416203,2.118816878950264,-0.8711536954760861,-1.3940532466314974,0.0
-0.8728670811817978,2.0962664979986796,-0.5695629823852569,0.4530617484083792,-0.6841858583817761,0.0
-0.845698143035957,2.5450210631640084,1.1080456504091742,0.6366978527994243,-0.05759866617519377,0.0
0.3541407937088264,1.073226784008721,1.4969881610504632,-0.41896810921370853,-0.9257400979629098,0.0
-2.087642099615103,-1.002554388194984,-0.5849243231528414,0.7636540318088209,0.7370986551958892,0.0
-0.06840646322109578,0.5819367386824947,-0.043853458546481705,0.11144757250550721,-0.6186615196200127,0.0
1.0493965139255994,-0.10343113840496321,0.19913931802664558,0.2671721858852013,1.2948793583745017,0.0
0.6996639558342768,0.9830410718230277,1.0105418662939458,-0.9375965615305368,-0.2505142713255426,0.0
0.8522466312373391,-0.6360699901670847,-1.4184333640595066,0.8986799678537847,0.08651496290711597,0.0
-0.2598670841978562,-1.1845865917683367,-0.49809806159778663,-0.8175720001627524,0.8444066366184725,0.0
-0.8647321754966966,-0.9504827548148052,-2.4091358649517454,-0.32166196379243167,2.3056735491819143,0.0
-0.6927962416621265,-0.4785223159205291,-2.601658641188836,0.6118204224309933,2.9202973370308856,0.0
1.9960129417332289,0.09883154068192962,0.5317799631264244,2.4020806415656883,2.015012730749631,0.0
3.8265722309499033,-0.43891384187579974,1.7476470190034485,2.007990569526581,-1.3319574389756674,0.0
0.8945969351013748,1.126614545652938,2.206463809654568,2.7326295090705686,-3.8070105297721573,0.0
-1.8208361151354384,-1.5968271712891662,3.3336956428524975,0.568202965798495,-1.7465127010482266,0.0
-0.6198179502851966,0.16846892935781144,-0.199239788260843,1.5892509177924565,-1.5633685751946769,0.0
0.6806431670688217,-0.3899191971794212,1.7239743005423551,0.6618203646145597,-1.363095774088868,0.0
-0.5160306415978628,0.9339201471872454,1.3777860613158759,1.2461873429090164,-0.8259680053179268,0.0
-2.463389469168829,2.05563442054829,2.00260016826515,0.6757483942406723,-0.22798100743699878,0.0
-1.7262242291487797,-0.21225110674053804,1.1417881363298805,2.857981522754916,-1.664808756242307,0.0
-0.28543715738381137,0.2471214954519046,2.905172989731116,0.008826484225593845,-0.06451140524970278,0.0
-2.646307213878498,-0.6460115159492031,-0.12132466567028621,-1.2356556392922766,1.8737651060368241,0.0
-0.01064584369731958,1.0513808266681282,-0.1669986271909436,-1.7144809503795637,1.5208035391195267,0.0
-0.0655352217990403,1.8001994340934555,-1.625403767288737,-0.9179214370273443,0.3518790448840573,0.0
0.09199429305111073,0.3951364642016741,0.01772337903040011,0.4493777954261881,1.527550542753294,0.0
1.506274825268586,1.0020315502696409,1.008263585248941,0.14359717443853515,0.43942274890455474,0.0
0.5700905186317899,0.9883858914437814,-0.3947060392592993,1.0815635671659987,-2.5550632950290564,0.0
0.1106751483199636,0.9767244046859287,-0.759568244939047,0.4733268840424947,-0.30291518103683324,0.0
-1.4409172669997832,-0.8382219369692909,0.3271030488246049,-0.5057537452701466,-0.57226181468867,0.0
0.18533717147202045,-0.1811331723976179,0.7367341219084333,0.3973405349630308,-0.15399397599669531,0.0
2.1276571665859856,-0.9493851272052506,0.9776337390731181,-2.9955928848373867,0.8623707410022626,0.0
0.3344579195306726,1.118182915370231,-3.9642954647719684,-0.46701924058564936,0.36832962788800305,0.0
-0.012255837234892403,1.2163419478710686,-1.719491733442932,-1.091123972977853,0.29282467106123145,0.0
-0.7700940195191158,-0.36011642266384386,-1.9998654829444824,-0.09651397462269579,-0.8870373711272268,0.0
-0.3180646222569344,-2.286162779929806,-0.608867624858728,1.050802937328497,1.521302281823817,0.0
-0.5986687050860594,-2.510961471251711,0.4211587278291973,0.7618990674561881,-0.31921755158384313,0.0
-2.0756973392719096,0.9496469605811658,0.8752368769517892,0.4880542160293021,0.3667420183744129,0.0
-0.8642052159848256,1.1870137505960372,1.5207672365142173,-0.05552488185955767,-1.2001441311649395,0.0
-1.0309575992305788,3.2646342390560767,-0.48557963264129245,1.495364285907969,-0.2834887363744708,0.0
-0.5053619530718013,0.7026659670491235,0.31472340907786356,-1.1172493770699055,-0.1782779236214676,0.0
0.14714858009716414,-2.0525662168623677,0.12997587900673868,-0.2900080169199363,0.898014705136989,0.0
-1.1044048978722356,-0.34774582231483037,-0.17533295497728074,-0.9068990194101559,1.6516251378106936,0.0
-1.178568923008961,-0.984075929841555,-0.8381009026426602,0.49329257928834214,2.1499730040591825,0.0
0.4623446334600834,-0.24604896434271323,0.9040673665884482,-0.6273169805850156,3.089361844239908,0.0
1.7837133862033243,-0.3246189442824663,-0.3969830646877232,-1.419715708449084,1.3956756069283895,0.0
0.733076660451591,-1.6435202496059942,0.24690561439616832,-1.09639875207594,0.9636435564756993,0.0
0.25468043411708546,0.30475561134390416,-0.7588418269398336,1.3700541592611861,0.4865963760036594,0.0
-1.3505668726217739,-1.1628234586264377,-0.24310010175316799,-0.7671186823671543,0.44810683375163646,0.0
-1.8911664223367475,0.7380264969629549,-1.4979872866805242,-0.00012299152186809326,-0.5240869479403633,0.0
-1.99976315167061,-2.556242031142447,-1.0190636429845294,-0.09412024895155455,-0.9361647800840396,0.0
0.013600747920627376,-0.46135072804740085,-0.02715518954802848,0.633744520066561,-0.044651681784034836,0.0
1.8554537517410603,0.31370307969020805,1.7612768935399434,0.21634097063837143,2.174188519316326,0.0
1.5614604902927178,0.16218644515915653,3.206902808030047,-0.2542043918055841,1.807977292186849,0.0
-0.36450751116604263,-1.3175027283436564,1.1774729758366997,1.4426139630003567,0.12968013585825633,0.0
-0.6256413806405684,-2.4806497170051327,0.6424462595564389,0.5244614767962011,0.35051170028922185,0.0
-0.558364582889168,-0.4096711219119919,3.046446012805076,0.5967084384645793,-0.1253071942068837,0.0
-1.0069030296674442,-0.915964259386934,1.8181824774581015,0.08235139408182468,-0.9442434214415981,0.0
-0.9260108976576896,-0.8522363947026891,-0.8533542878536997,-0.16640832895194077,0.9023731858198913,0.0
-1.0843379991976674,-0.12452838515448794,0.1484675537276442,0.09764846960577614,-0.08121271520935824,0.0
1.195332706728668,-1.6278525118210962,0.18942616918684566,-0.545088867323001,2.669339461603642,0.0
-0.0007395881945834182,-0.24211057645597273,-0.8988982951371434,-0.9468433168354955,1.9819514787027546,0.0
1.2657694303643936,1.945149661541544,-0.48155637010052144,-2.2693712374353985,0.9984742585582324,0.0
0.623746116843241,1.9526088450609995,-1.1878168170417314,-2.0450464323894897,-0.257981982859579,0.0
-0.3089152984163285,0.19249845589850245,-2.216743404199387,-1.0657563921052988,-0.6586413445147544,0.0
1.850449705727222,2.6211978309955297,-2.618489531493416,-0.7038553250039192,-0.4916665579775378,0.0
-1.0781810042276234,-0.5246593819564542,-1.9347013499542465,-0.29679955855925905,-1.7711300059402388,0.0
-0.43311249432412396,-0.39999839676768945,-0.8936152514608176,0.9333253105146249,-0.2503458337908975,0.0
0.8170894609826359,0.05918535848554375,0.6839727363001618,1.5158182370891036,0.10243794613174717,0.0
0.674220094488802,2.4449775142609393,0.4653778416668771,-0.6931120424618377,-0.1829415926544472,0.0
1.3454212527007723,-2.1223287324570754,0.5005009894684598,0.09704065349902599,-0.33183653065462493,0.0
-0.7155677591437161,-0.2964012572752852,0.4001374540540482,-0.4918042458999569,1.1046627209138817,0.0
0.14475815891408472,-0.6446404248313706,-0.8908561123866594,0.10717020032800459,0.6525983905313524,0.0
-0.5142185379105587,-1.0781346519341892,0.45208904417457363,-0.00543697283098777,-1.4604745086642323,0.0
-1.2642205292542896,0.41748393426741875,0.7695025150662004,0.4983317256718055,-0.5146830706751045,0.0
1.2754209800372245,1.0861773277458557,0.3821736138356959,1.5513184938791242,-0.17363299615945949,0.0
2.5569647463041694,-0.7129047796819505,2.416465766744837,0.04833370047991242,-0.40525942036440105,0.0
0.6082452724506312,0.4562332494286263,1.6020285631432647,0.21998704459401128,-1.629119370073282,0.0
0.658623971703156,-1.961222883187546,-0.09438596909737795,1.1600376251760849,-0.8780161184999118,0.0
-0.39885244993476404,0.5121439831695339,-0.7054741179362886,-1.1766418297121737,-0.05891184293659324,0.0
1.0226991061589996,0.17303689938515188,-0.33783173737759264,-0.9248209943689667,2.0289373797597485,0.0
1.5543632899773807,0.11111519760514732,0.5415773721965418,-1.6798999845352092,0.8658597125195391,0.0
-0.744092138192904,-1.0165978853907005,-1.349955072263581,-0.3680080090991291,0.7899356485965973,0.0
0.14758699971808031,0.3572031064289701,-1.5554150337489223,-1.2831626345074858,0.09016698550910773,0.0
-1.1522698088872116,0.5319119426665545,-0.19390843695803217,-0.4496646355832453,-1.127033969872512,0.0
-0.01716827849947522,1.4932013276935387,-0.11501713738455294,0.20465019319061944,1.8758846826858249,0.0
0.11491291693496386,0.10006034206231496,1.0040227405726374,0.36050021839190705,1.3511547130745698,0.0
-0.8717015705953782,0.21783683067690957,0.6996924057631547,-0.14853649221902226,0.22499460594273313,0.0
0.9103803167607811,0.21663863154369228,-0.5562936212579214,1.3243318341745107,-0.5800019376476435,0.0
-1.0258002314800683,1.9035442371141966,2.0032260219899314,1.0572437355872601,-2.3698964148304413,0.0
-0.020332708826429513,-0.08633625157747338,1.0684446354953776,0.27338102016407423,-1.3312165998202126,0.0
-1.531508762456495,-0.42496517980207443,1.9354524341255848,0.27153404058772856,-1.375085733755392,0.0
-2.355464538631156,-0.9102454363249495,1.535386827932225,0.228286971973703,-0.708311736979661,0.0
-0.7370594575290962,-1.8144764246680178,-0.4029739723977719,0.7870685317165387,0.19086655050573498,0.0
2.556874455333748,-3.1732105253417267,-0.38730602538582126,0.01622229781931056,0.2537975785371014,0.0
0.8058759620434238,-3.4476776295954044,0.7161224279553635,-0.05273589888715911,0.9144891490745196,0.0
-1.9804872281415147,-2.519352059163001,0.7986279839095602,-1.5132776183229841,1.9124329759386727,0.0
-1.128449357131808,-1.9254759741728815,-2.8958917903973056,0.6034966040139904,2.897340356829,1.0
0.7853991698513269,2.1069252734415715,-5.042544830542787,2.200999418611788,1.4609229274956144,1.0
-0.35209420915372314,-0.8208626564564655,2.1040071854659352,2.7798895151270124,2.8227663118876842,1.0
1.340971751350934,-0.3309806630563529,0.5202352061430426,4.336560390462999,1.4428037447981434,1.0
-0.34132479696105855,-0.7828988136448833,0.14689404903430314,1.8116694758450989,-0.6982828111462045,1.0
1.5318444841094536,-1.3527750530847762,-0.9232219622692595,2.026771900166385,0.22907801192612925,1.0
0.3129111809515302,-1.6956162091256572,-0.9835064317003851,0.8950627833120051,-0.6025032411050847,1.0
0.39170065458326164,-0.08105982248918536,-3.2815915007123095,-0.03375306525242176,1.4146760810751091,1.0
-1.0906428220002309,0.38537008439553977,-0.06414420942065047,0.369760327893637,1.5067851612419636,1.0
1.2238001839063544,0.3693871017279702,-0.8344236803415642,0.9444590375790606,2.699397416530758,1.0
1.7360563163988139,1.3341872648161788,1.2582090759564353,1.5797177311461676,1.9752755255739345,1.0
0.041145098686051096,0.5348790061196694,2.1931524671104987,1.5667750732714678,-0.2931560863770939,1.0
-0.4581152743794129,0.4096995507234409,2.5649485241422005,1.0591402095696152,-1.0838274460824937,1.0
-1.0814651030467581,1.8556335099087673,0.425987615665627,-0.1781173010921383,0.5661404027810967,1.0
0.06475691686655588,-0.41003954523934694,0.9871330333575479,-0.2557059943010775,-1.132304035233475,1.0
-0.3550228241893821,0.6508488167391837,-0.19141900131815867,-2.7291897655179596,-0.49444472693796687,1.0
-0.9334342772049381,1.8512596076179346,-0.3424224236157817,-0.8851027914094447,-1.4069474124973211,1.0
0.25505123652697803,-0.680293725674338,1.4488296985508917,-1.9919738510837695,0.552930640661495,1.0
1.5850150267318148,-0.4001808511532899,0.29760266386451145,0.6883810219400195,1.120525402993788,1.0
0.6422562802157189,0.8163072340286941,1.7754922590257651,0.9767327254096204,-1.117727059790572,1.0
1.9869047595850795,-0.2648576009926308,2.8104971385907502,-1.6994632634555322,-1.564557096790807,1.0
0.6085885067493934,-0.6132294358817743,3.4399785338820026,-2.4111954370982334,-0.916188926834056,1.0
-0.9391194032189716,1.029183788538362,1.3020653749024778,0.16992636425572183,-0.3968983603469635,1.0
-1.4423759485276497,0.730520144497337,0.30338546380298076,0.5559197737925436,-3.0911290614556632,1.0
-1.8060278282112439,-0.11292035598426312,-1.1798870055650752,-1.0447739790294548,-3.5249016679616894,1.0
-0.5702597833572272,0.24083588782354534,-0.8879965385443489,-3.566441171622748,0.17107476923121845,1.0
0.00510650157518161,0.9184958278583825,-0.7552153356171691,1.1720027670728717,-0.7297113934193444,1.0
-1.2122437170110838,-2.110213543104649,1.209572514649293,0.46142148567763575,-1.065981338243358,1.0
-0.29258622538419043,0.5321026939738523,-3.2019757361173156,-1.4591358086970347,-3.7355487138387766,1.0
-1.4145946617683454,0.5420697913171189,0.18991011083302423,-2.6389630547137553,-2.3296224482115235,1.0
-2.3004631867170944,-0.5765594776047817,-0.7722458818653576,-2.7691569797502487,0.049865988875748335,1.0
-2.0399583137562365,-1.0288449472891086,-3.5930826002001224,-2.417552997304787,0.8321124803917793,1.0
-1.6773213176572406,-1.5694603137215406,-4.157870893955143,-0.8284949401706879,0.9758357030624945,1.0
-0.7758410179269415,0.7045798355308582,-4.279893811004807,0.6583478232355076,0.7724144871364323,1.0
-1.6508589542197634,-0.09942011585969851,0.09868028448656774,0.8157034543157546,0.667591569368266,1.0
-1.2495000438231658,0.9572126574100529,0.5713304458198238,-0.05050410315200915,-0.4151929094876665,1.0
-0.969691076580846,-0.8919253985134592,-0.1276173744894492,0.3032290025029205,-3.15175954705602,1.0
0.5151618700231948,-0.21378021163598698,-0.7344332507559789,-2.989561386319423,-0.7001362404260224,1.0
-1.2778533562747851,1.91068163508504,2.6295395199899154,-2.7161383786934534,-0.4196715410505558,1.0
-2.375361550719086,-1.4289462654536154,2.950492803521165,-2.3537977668309065,-0.10032333768270811,1.0
-1.1646496001186528,-1.6867339234158836,-1.1825661715670068,-0.0682004428046894,-1.2710203338486634,1.0
0.20303902329062984,-0.3772018275677982,-0.02138450309026263,-1.8967249952776017,1.1088827156309593,1.0
-0.6540757624374952,-1.6850758011605924,-0.23376277562166942,0.8559717390640194,-0.21633820868460607,1.0
-0.8348039536738388,0.21367259377017367,-1.328596144275315,-0.5550457651371644,-1.0709409336773683,1.0
-0.2704792651002631,-0.9675241505148809,-0.1748398644863961,-0.8936482342674626,-0.6981539379543129,1.0
0.20338050788270773,-1.553139358678391,-0.4381471200230518,-2.937259564787881,-3.08555852714684,1.0
-0.6211188750349314,-1.2125893984021043,-2.506933172420269,-3.669153384518195,-1.5057413124472054,1.0
-1.4263037250846966,0.12492409536562626,-1.969811679412469,-2.9497569705082376,-0.5768046941794011,1.0
-0.8422488329723421,0.6461702033221299,-2.967178442334063,-0.6362973138445446,0.11043106606508668,1.0
-0.963558187425064,-0.4886507453612362,1.1507248928202203,-0.6148174831028076,1.1550548240057905,1.0
0.029955223297353395,0.11969772815075402,-0.04085907145743084,0.9235905789057437,0.15747979284029628,1.0
-0.4596649332567677,-0.6498225557365445,-1.075552376609283,-0.10853306445097066,0.5339547120258972,1.0
-2.1863275617372473,0.34723885096561813,0.7013649949185219,0.10423736401585126,-1.2247427994212137,1.0
0.31826662701272124,1.708665292803235,-0.22256831426439694,-1.2425476926921455,0.2812449468426904,1.0
1.6962661769362277,-1.4305841522544847,2.7880464958295903,0.8314122499922325,0.13456506758567946,1.0
-0.8190861121309202,0.3654066854322356,1.7138575384319754,-0.9799873079593073,0.021919667599851263,1.0
-1.1398580561657605,-1.2413808184481414,2.0678683693392466,-0.646534935743668,2.318905754688613,1.0
0.9566936035247275,-1.3734704068500525,0.20052086686777226,-0.2020839446469349,0.2071240284297764,1.0
0.05695941095310458,-0.8931495422037025,-0.25935311623166984,-0.5738412947339392,-0.9653877412861254,1.0
0.41563797061325747,0.3738020842976739,-0.2631996633923934,0.05187922837267955,1.148269220411527,1.0
-0.7251182422132387,-0.2190743126014738,2.3111368604091935,1.0913218575686723,0.41922720665944346,1.0
-1.3822146160084867,-2.135020119560324,0.9307630623836771,1.5538526740495677,1.4058407260358177,1.0
-0.24467234603086724,-0.8985016698728622,-2.9380802839391844,3.0397113123283557,-0.2741104202044049,1.0
1.0206428227417286,-0.021261666274465102,-0.9464698180809152,-0.4246811636379674,-1.4182534034824632,1.0
-0.09911222416688426,-0.8115642940069897,0.41090217718047883,-0.3416746792709613,0.8007874487806449,1.0
-1.6093716300905796,-1.518802413579324,-3.1739794668542847,0.10990777582917582,-0.3410141692652392,1.0
-0.94243908480551,-0.21844690636788677,-2.3669948430576904,0.027206608262651893,-0.47387298462002664,1.0
-1.3680907650688368,-1.253322175478264,-1.1994615815665395,-0.9714955531540364,-1.1010888996228294,1.0
-1.1125792772906609,-0.8434892989139828,-2.4877351302629394,-1.0771259521825236,-0.2511882519613694,1.0
0.16610282940530163,-0.9576551254579806,-3.2909612791623974,-1.3946223328498655,0.1977946320542257,1.0
-0.603325706087174,-0.3471859563648555,-1.73124331474312,0.7934029213420783,-2.022719184319209,1.0
1.1293120021706238,-0.7112655302053636,0.9264360158516938,-1.8430034500212158,-1.5776199307651027,1.0
-0.04814775142845901,1.1393067753680959,-0.13566591358189317,-2.6822466948552584,-2.042993990812801,1.0
1.1748398640181705,0.23217401273671584,1.332014207980991,-5.17547598583053,-1.794226395545337,1.0
0.26519389537926935,-0.40418420818835066,0.9289098054182564,-2.8192841181152755,-1.3641543715367015,1.0
0.4211927055124677,0.9031815656031797,0.5325101234797307,-1.0971760685694099,-2.97169960388402,1.0
0.5260926828898647,1.1923776463965061,1.8957669149944647,-0.9440922243976437,-1.4791815235083878,1.0
1.3692054534434046,-0.8024824585738941,1.6133255802763424,-1.0589257568655586,-1.5769528737990117,1.0
0.2789454660111697,0.5796553152366551,1.878883259398584,-1.2594115201436822,0.7403719132079931,1.0
-0.7123707013519258,0.12178538168618694,3.0732157197695664,0.5365451444230286,1.0577629861506657,1.0
-0.3283628702653152,0.3984312135006902,1.3387516278447058,1.6859029076925331,1.526356966974956,1.0
-0.7322013007942939,-0.9983526764542319,-0.3738856668223157,1.595445127017715,-0.7972133581060121,1.0
0.762055393750821,1.708313963405381,-2.123507433410447,0.11846954154728662,-0.22869669533566414,1.0
0.46397190882043615,-0.5940417850250416,3.056624923405807,-0.4772633010907228,0.38765923251887624,1.0
0.7178861644116584,-0.29380177523411255,1.7724322443349259,-0.370231945681634,0.27968863931465343,1.0
0.1668699659318895,0.3548350226660335,2.535971752550583,-0.8212104840182981,-0.20279412461336538,1.0
-0.642180287196472,-0.10405289180394864,0.4936495837632283,0.27194466087039554,1.484493507737824,1.0
-2.0161208196762375,1.5617496815421046,0.4743769403734913,1.253376151078774,-0.7470774724401648,1.0
-1.534174594139862,-0.5888955205453681,0.5146019817153027,-0.28119202650918407,-0.33431060601097395,1.0
0.42594715617590495,-2.168673470455837,-1.622088383938129,-1.5468788283628012,-1.8772953894664473,1.0
-0.8831662953440089,-0.254716617618447,-2.0283607117116196,-1.1305872924055063,-0.4191783554091812,1.0
-0.6902893704237378,-1.1946105678461827,-1.8647698287653514,-0.8464546605566907,0.07849716916906754,1.0
0.06409739268236642,-0.48337681562868645,-1.5929017975918853,-1.1210326343125763,2.240268734450162,1.0
0.883625357336423,-0.7305286015940664,-1.3549659733667025,2.3139158429284317,1.7842876753078447,1.0
1.4451399661890618,0.0686523115180456,-1.4056883744304054,0.5751050316402917,0.9293521821549882,1.0
