X0,X1,X2,regime
0.25739992534469300,-0.9084814327806610,-0.37850310605882300,1
-0.7045000584718920,0.358427052602133,-0.3463809663910890,1
0.32391667687916600,1.9098987835179700,0.6657972136700040,1
0.263321448939424,0.6260100702687430,0.881800497473664,1
-1.3755311063572400,-0.14520217544499100,0.9417760116234380,1
-0.7180864913218790,2.456641241740910,-1.2987816259474200,1
-0.5970812102215370,-0.9318941917063850,-0.8782544945124140,1
-0.6792304277663140,1.423838694612570,-1.0805489140343200,1
0.20990400064181800,0.6630040751582970,-0.9076065349896510,1
0.8384698070560370,0.04924393750387550,0.7118558625996750,1
-1.0577170663230000,1.24973611244587,0.6622019790781180,1
0.13901259253855700,0.38558388566723300,1.1173073770893300,1
-1.87578892837693,2.1853765782599400,-0.24650609329840400,1
1.4342825367231700,1.7289252807524100,-0.37201556107067300,1
1.9205205812646900,2.5617609557935100,0.29743743725158800,1
0.9554669817155140,0.29109660290513900,2.3587444914176300,1
-0.8296455706931070,2.5137425429328800,1.088010051859480,1
-0.6454485307526840,0.3293278964391870,-1.051122646946740,1
-1.645423625229700,-0.017746453562734100,0.08464009883216840,1
0.29518005111272800,-0.581023925896503,-0.8184734951356070,1
-0.05102947238830660,0.026140632792209600,0.40594614631553900,1
0.07770993337338480,-1.6069330217131200,-0.08051683069598450,1
-0.34011945302712900,-1.2251626489425200,-0.2389336617864070,1
-1.8028217259043900,-0.8320144388571900,0.19610502650555300,1
1.1183265491850500,-1.1446505705541000,-1.227117770451060,1
-0.8575336015307510,-1.1722320224034600,0.19096117216102500,1
0.1382091147659950,0.7370266749659840,-0.3801670117251180,1
0.1618996282918580,1.1794762280713700,0.16248792768183900,1
1.9350443373716400,-1.1826963945976000,1.9440470191046200,1
-0.1985188843178130,-0.27477999977526700,1.8929918138868200,1
-1.325543973407960,1.6223005834037300,-0.03370953039684890,1
0.2438276904904620,-0.5108742540552770,-1.1604298989405600,1
0.0412005678597972,-1.0379045644614000,1.4141525720341000,1
0.2909196850802810,0.7407955658970820,-1.4034345312864900,1
0.716795999971701,0.6163182661689020,-0.9073583833647790,1
0.27325918762760400,-3.3852594230908000,-1.0160765384409800,1
-2.9903136233895200,-1.5211021036992000,-0.2637750242643020,1
-1.75827258357628,-1.0515497846442100,-1.1532157273867200,1
-2.251577195154750,-1.0815189101247400,-0.980366343967872,1
-1.4044791132305900,-1.0034705471925000,-2.695293568714330,1
-1.19780227054567,-1.1998664978768100,-3.811185634554370,1
-0.9971099066124520,-3.230886458167860,-2.052123777462750,1
0.40507132993073600,-2.647169496515390,0.17576051074162400,1
0.4681864043904090,-0.6587982245555020,0.42338389509062900,1
0.17087003658112600,-0.7687809274995000,1.0815844185025200,1
-0.7749841107157900,0.45405870836872900,-1.7518782603355900,1
-1.0370587211040800,-0.3798099806513160,-2.1915156508130400,1
-0.19480138991567600,-1.9360828398972300,-0.3932456288886420,1
0.5991985609367250,-0.6391473105877870,-0.2692020780647900,1
0.0883713455254532,-0.37471020965915400,1.530334952232690,1
2.4278001606148800,-0.527673218333083,-0.5073122261498200,1
2.175987762832650,-1.6049638946825600,0.1752409796729800,1
2.504277372244790,-0.6506194661060390,1.3256183045435300,1
0.29769470913388100,1.1815258723027200,1.0175795713233600,1
2.247924869931690,1.7180518284874700,0.4618599360228230,1
0.8628798970578290,0.900788450219608,2.7560750411834200,1
3.2328311225252200,3.432649934134930,2.443740927368170,1
2.3659731697979600,3.7285441473000000,2.6496932230399100,1
2.396835895548840,3.879075106399350,3.057862877489060,1
1.4577638973743600,1.4656663848121600,3.096640599783460,1
1.1574419140183100,3.227674043874130,2.0073163698602700,1
1.0516953452369600,3.2266451388759400,2.4087176038555200,1
-0.7205217382792020,0.8941084991348420,1.5886366484000000,1
-0.0852140133304089,1.034429488970810,0.7961582759663320,1
2.2917416563200800,-0.243424321023054,0.11167989718284400,1
0.8182878078241490,0.19927383683474500,0.41408339754314500,1
0.8545271525200630,0.34493320528027400,2.7359258496775000,1
0.8301016137708250,1.0445079163057200,-0.07820794520800180,1
0.5474483046622190,-0.48322198567635900,0.13393805772123400,1
0.4196651850445930,0.17041404149836200,0.6172957483309090,1
1.6112528357562700,0.8294573545250990,3.192434609724190,1
1.0546732657015500,1.7574017818861400,0.588513906834313,1
-0.36528170621568600,1.7871440211689000,1.563757786674490,1
0.30033179793166700,1.2500190641402800,-0.6741747055510600,1
0.32877085845525500,0.09398987001827500,-2.0097060539835900,1
0.8848984115243010,-3.2048705318698900,-0.03579388382739970,1
-0.652200118644152,-0.6908634180765450,-0.03980817331011720,1
1.225339174938850,0.4869485508293830,0.16693363641976100,1
0.4572846301773880,0.17099039234960800,1.793515600883720,1
1.5365016869451200,2.5275816037882200,0.8117666230204670,1
1.4295765043076200,1.576414672630590,1.0573002742294600,1
0.335490084004203,1.2737637518570500,1.7912162865502000,1
1.0400293361744600,1.381323239771850,0.11416888967300900,1
1.3296747196524300,0.8838960377014150,-0.15677571524211200,1
1.7458679617095700,0.9309332272624140,0.8418725594765820,1
-0.2766145414645620,-0.4297343328580180,1.9091240644024300,1
-0.7650108185939190,0.7424477824614670,-0.7497816855318030,1
0.7399902583322830,-2.118923322965860,-0.8081120695515570,1
0.015514330131970200,-0.5086084756477580,0.7578124400833970,1
-1.3659077861467600,-0.1103877483745010,-0.5063293818739210,1
-1.7515759854610500,-2.0971904040400100,-0.6294553124978320,1
-0.15019887949487600,-1.5782460721879400,-0.6483612042153010,1
0.00306012842393788,-1.7666916851819700,-0.41412914243978200,1
-0.4872281416186590,-0.03932693978100090,-0.012381218777128400,1
-1.9496070368942000,1.8116668339504900,0.044235423154347500,1
-1.2305649528788300,-0.9673163424084940,-2.2229533724930200,1
-1.1330020241760500,-2.303147546306630,-2.0035790403054000,1
-2.1636258879140200,-1.3376186080906900,-2.442569529363690,1
-0.7278582968422610,-1.1880149852169200,-3.7509969102010100,1
-1.119943479701700,-1.6977274036911000,-1.47697164636603,1
-0.09097694214013020,-0.31179405747379300,-2.353973332554250,1
-0.5661551262689250,-1.216605591059090,-1.0535325653792900,1
-0.2612620021231280,0.46507679961568000,-0.917521535038353,1
0.24792565242988900,-0.5443725768456340,-2.522133652468590,1
-0.9102375837876210,-1.8992343339138500,-1.0531507125000300,1
-0.15020889253183800,-0.13220208503109400,-1.6588127501834500,1
0.955650580286245,-1.5719163991913900,-0.31240929246804900,1
-0.4976808879398780,-2.0197144066370200,-0.22047735804397000,1
-2.4698057456585900,0.05878744064856660,0.9331625193376690,1
-0.07259196001533550,0.25950392985850600,-0.7558027996173240,1
-1.9112759068202800,0.6473610149284720,1.5724798738460600,1
0.09344243986841770,0.6267191070119740,-0.03357887878994450,1
0.2798825252574610,-0.8754919505888180,-1.3054467374331000,1
-0.3843224964371000,-1.0248286697562000,-2.7766464314365000,1
2.448355680467200,-2.418871062765010,0.19367858280223700,1
0.2782361518850130,0.6575823632082660,3.9878283402950600,1
-0.23976144468187300,2.245142443023300,1.9845331770805000,1
1.5557934924824900,2.079842688699350,0.2626744389156340,1
-0.15490520133094,0.8690357497519630,0.13781535783333600,1
0.2005819661486010,1.555249386880340,0.31670049337550800,1
0.8952602207932910,-0.8950977972721510,0.7146722343933770,1
-0.4470305170574750,-1.7858826586120100,2.163739645625310,1
-0.9697858305189070,0.8020075050630790,0.8081039938253440,1
1.1111684494204900,-0.029457563294456000,1.0216670820058400,1
0.39065375419478800,-0.20053769118740300,1.193772795068720,1
-0.5408659118312400,0.5530821589553430,2.1365223485435900,1
-1.9416029789156800,1.513405174493510,0.24532960877957600,1
-0.6381914586503780,0.13506081008681100,-0.6051015361387030,1
-0.8208477629373610,-3.2172123522395500,-2.137949155517470,1
-1.6034067335111400,-1.3425522394118300,-0.6617531938880340,1
-3.2027830142044200,-0.24619577971675500,-1.2133495974250000,1
-1.882824630252360,-1.3120454127805900,-2.0201552998183900,1
-0.8552957133188930,-2.616273247026020,-3.012986829329870,1
-1.0164637685978000,-0.740273096200688,-0.4523950339592160,1
-0.034458203305619100,-1.560973261586160,-1.662035516862150,1
0.17896310237621500,-0.6657513696639640,-1.3317245140414900,1
-0.29619503093187200,-1.8371306596968300,-0.8543261996263930,1
0.33592259925866700,-1.3471939773523400,-1.3932447155988200,1
-1.7548279254908100,-1.387100419062640,-0.49265098115658400,1
0.3266179486881140,-1.5645132951191000,-2.333928013608310,1
0.2879349825996850,-1.6517733086034900,-0.4774852462552810,1
-0.21934538064113900,-1.2440052531436300,0.13445083862958400,1
0.30228859050382400,-1.4142547660022600,0.7740439948186280,1
0.7649012913497240,-0.4796232073476450,3.340657281160410,1
2.048858685530470,0.15722943299914500,2.5573061714417100,1
1.6188496750277300,0.4992417638393500,2.716344497097670,1
0.32679083640918400,2.675400108911330,0.9769136719057630,1
-0.056290163438091200,3.2766511132098300,0.5606732260514220,1
1.7365095621968500,2.3075916525739400,-0.003056932654366600,1
0.9694181388802160,1.2017121188849600,3.0033484941189800,1
0.9069084077929690,2.591017951515680,1.3974412882802900,1
1.4882637552582400,1.11853916158456,1.4245944054962000,1
1.9232193209562400,2.632315522750240,2.41633350503059,1
2.0253970462492400,4.22264151187601,2.016924273768460,1
1.906873636506840,0.6558030911774600,2.355299532982490,1
1.6411566414076100,2.7368103671134600,1.938818849154970,1
3.810787289842540,2.878899921411890,0.6744695035619380,1
2.7909278641265600,1.263436314501300,4.215322210458140,1
1.5515203749018200,2.0836190973854500,3.5442133256546600,1
0.7121352210530480,1.0085159607857200,1.3129191511178700,1
0.7469080453948520,0.5523303073318940,2.2033847651294,1
-0.8505611236413860,0.7201899225057140,0.1890114431429640,1
0.04721853010699990,1.7161192704853000,-0.5157100520219300,1
0.34138933217778500,1.4621858334002800,2.19752192799849,1
0.9747611285607820,-0.17392602658218500,-0.3554919611472560,1
0.8875266775064130,0.11450704994595000,-1.5540181793844700,1
0.9085738075454260,-0.25301204921307400,-1.1864550540841400,1
1.9269339529779200,-0.6101148972381180,0.8438749418162750,1
0.04588787290143260,2.038328203973320,3.960590406254020,1
0.8325520649790120,4.520975763510050,0.12531249932713400,1
1.7659369702355100,0.5156024162918450,0.4724174426817220,1
-0.032491498161889700,0.16741910827411500,2.0605746549194500,1
-1.5764988434154200,0.05556805635591110,0.21119048615822500,1
0.022504103098787600,1.9173691655959700,-1.399986634515760,1
0.5444398956813410,-0.7114604702769480,-0.9941239965422610,1
0.16044615632866700,-1.2688827616207400,0.885840108985452,1
-0.5084416528195600,0.773708146876724,1.4685000860311000,1
0.7849850600720010,0.3815131825094570,0.5422701914045440,1
1.1469478788832200,0.25565988931212200,2.2133573364096900,1
0.3988299015537510,0.8953271574517080,0.8590691274270860,1
0.7244263681863670,1.5231503910856900,0.34562635443029900,1
1.7998794046126600,2.624407070291290,-0.1898479911322150,1
2.209590348531700,2.1056589133063300,0.6640584299823980,1
0.29123328467746200,1.6386370002216600,2.1722698651929600,1
-0.0455973024592613,2.3419749213163400,1.2187600749357200,1
0.5351739806584000,2.0388857651853100,0.0684424996141123,1
1.4064641275433300,-1.8421316156125300,-0.045817382548194200,1
0.08375544275057390,-1.7153207864704400,0.7259827354901410,1
-1.083972044916320,-0.029111606461073900,-1.0213554853054000,1
-1.7536718876533100,-1.74089018269878,-2.0711024902215200,1
-2.3623093775542800,-1.8479945515236800,0.021787300108740700,1
-0.6423607291740210,-2.148883088519460,-0.3864420935593670,1
-0.237289957881193,-0.991683541501721,-1.679103292279270,1
1.2211972674820500,-2.2751918676815600,-1.0029048395516700,1
1.4858314194636900,-0.9653587128612370,1.28189981944685,1
0.30627575913716400,0.32626017785619400,1.554052699219420,1
1.561819899640730,1.0721741091651600,1.3464963068919700,1
-0.33085456402575100,1.6613248245229200,1.8642450855828000,1
0.5021110043100760,2.823799731752430,1.8428729122868300,1
2.114338613763160,2.123982951099900,1.155137728893120,1
1.7306572463548400,2.2801306267290700,0.8395516433122950,1
-0.49720596201110300,1.8262106412046100,0.5786436793022870,1
-1.9671128959825600,2.038002288011610,1.0321761232060300,1
-1.9648264320558000,1.7076396195610000,1.8805982015117900,1
-0.17016322331857100,0.3151361198096270,1.9004361933645600,1
1.2341980074509600,-0.46722067185182300,1.0321918437684400,1
1.0041633479669500,-2.5474291641808500,-1.5208949045535300,1
-1.3837848823327600,-0.9936153984548410,-2.0759738452253700,1
0.2355113855004500,-1.5316860650717900,-1.152128064078280,1
0.03761506071642110,0.5462592489555250,-1.7844027336548900,1
-0.5589384594634400,0.40560212462182600,0.5330155321044500,1
0.6051547255062680,-2.8393890648511500,0.2021874469160910,1
0.6115567253443310,-2.49610298263458,-0.7603690422162790,1
-0.5377348291998860,0.36690177451893300,-3.3191859707433700,0
-1.9943291429814600,0.16308593279030100,-1.2280777334046000,0
-2.229974859499770,0.4989840768268760,0.014860234967184900,0
-1.215529630610080,1.1944107945543,0.8685293596890950,0
-0.42290798292447900,-1.1217144189767700,2.205936546950560,0
1.0023922939209300,-1.2380443027879000,-1.9427206146148500,0
1.0349442861475800,-0.19178264543154200,-2.3904003476137200,0
-1.0445325241737300,-1.957030688203280,0.10555680000744600,0
-0.1783233422695090,0.24213448948559600,-3.2770349196777200,0
-1.3808704894436300,-0.30584402893197200,-0.2491869195643990,0
-0.5901309104385930,-0.4234157627266740,-1.177491164788620,0
-1.332154302076290,-1.4912224899899500,-0.858667261599268,0
0.9905919275416050,0.42165430821462900,-0.49209357976851600,0
0.4843188252841510,0.7741417189876780,0.14405433622193300,0
-0.7540174983193320,-0.6510645495295100,1.7510378814590700,0
-0.0330869581086517,-0.2461918226450450,0.828010218342075,0
-0.009173007168649220,0.3851803539138670,-0.9970920558447130,0
-0.8448463382633840,-0.4408958371229350,0.6483707701227230,0
0.534370790425652,0.373658649553714,-0.21417679463503400,0
0.6005628754600350,-0.5343421787107090,-0.18893799304891200,0
0.8389797851632860,-0.2794929810820450,-1.3313238821613900,0
-0.33447990107977200,1.3232473441936300,-0.877883444043944,0
-0.5566238132914150,1.1572434052031800,1.9271308670919700,0
1.1306293892957100,-0.019195880051025200,2.3652187388665400,0
0.9913167206821320,2.08685952684029,-0.09572337060061280,0
1.1553167180243000,-0.24985457467458200,2.9491743119336300,0
-0.4663861731098950,-0.8135814571191780,-1.1294417668552100,0
-1.8830248231185900,0.23370496505100500,0.7789109440024630,0
-1.1664047886631700,-0.1980914902750920,1.5432133423146700,0
0.04058734178238670,0.08901586589561310,-1.7179907818895000,0
-0.2929701314099600,-1.1721034780229100,-0.6296087958547410,0
-0.4731668997615500,-1.561696902420370,-0.15131673892731000,0
0.11912079712073700,-0.27847807731796400,-0.9373807303191070,0
-1.3859017566923100,-1.8342606390089200,0.9120881533490170,0
0.5596063433068740,1.4988962153072300,-1.3584728240440900,0
-1.2859708104657700,-0.015797053303883600,0.2223088241758980,0
-0.5107388850326440,-1.3279989049578200,-1.406580263263920,0
-1.0709694389229000,0.0006038252561783590,-1.7655823051634800,0
-0.22945305152951800,0.06611125674588540,-0.9880319226825890,0
-0.37394096256129700,0.29633029513943600,1.4024213988016200,0
-0.8151419766883630,0.8912637855068040,-0.9898309720215760,0
-3.02716128066006,-1.3516281429636500,0.8808857769383000,0
-0.18843192881948000,0.665326452329313,-2.706270651192870,0
-2.3483596297967300,-0.8845393054832480,-1.282345615450670,0
-2.346420900869250,-1.123576678378520,-0.4274595213013100,0
-1.4377638635083900,-0.6701084964138410,-1.4314807189505800,0
-0.8336603040790360,0.31638987448798900,-0.005699269748043910,0
0.0005727653133880130,0.9921562061243540,2.0813355787043000,0
1.1303971904776500,-0.7100343590727410,-0.1324913929755970,0
-0.6357200649926360,-0.15993315763695000,1.1761653100942100,0
-0.12243388959502200,1.8220721438149500,0.3085668742619610,0
-0.9905302156593300,-0.2821944467924210,1.186994265553230,0
0.22615948750740500,-0.45147858398112300,0.14218089654061300,0
1.744349084830040,0.9538940294922970,-0.4676811680015940,0
-1.5781226802716100,0.5533896479278970,0.8688488560009520,0
0.7789341399020690,0.16521356017498100,-0.5993392710767880,0
-0.06752745876797490,0.32277075192997700,-1.3293450952735100,0
-1.267411916428140,-1.0249519470359900,1.6736117812135900,0
-0.7140667740015700,-0.909743596340731,-0.10891303197622100,0
-0.8167724529764040,-0.18547395078443200,-1.0076970848420200,0
-0.6677161530832290,0.7526651385474800,-0.11367779619471100,0
0.46602582186833400,0.1892646112109110,0.587474830200594,0
-0.08314432746101920,-0.4888372475975670,-0.34235187857134200,0
0.30409610757401600,0.7983024527656520,0.11474606984191300,0
0.9122770971745350,0.3310269695747320,0.15928941567665500,0
1.6926533716054500,0.2828666965370740,-1.7745266126322100,0
-0.3966336388509730,-0.37319542666573600,-0.43520167440150100,0
-2.064151021913470,0.28295462644389200,-0.9073290431615410,0
-0.05541762786580610,-1.769562543263510,1.1239743741650700,0
0.1657629061444990,-0.06937824829997470,-1.952185785769460,0
-0.5163631911610140,-1.3483703614108900,-0.15349854288643100,0
-1.116565032638940,-1.9725578900322100,-0.8100061912616400,0
-0.29420186021415800,-0.8272496472302970,-1.1090752091725000,0
0.9476404891918040,0.8028595083260270,-2.0806793440745600,0
-2.7597715314016200,-0.3938724721509740,-1.195260570896850,0
-0.5341102216034870,-0.5899885390447040,-1.7610387795862000,0
-0.027981429429539300,0.12657161228888600,-1.4545643647022500,0
1.2592034576929000,0.46206302985858300,-1.7325900584298600,0
-1.863353091978210,-0.6988336973820620,0.9203854116369460,0
1.3679785344421000,-0.26555566680821500,-0.849738982148842,0
0.8286517755810650,1.2914456275148,-2.148468465848080,0
-1.1187493359054900,1.0369052559903900,1.323357499927300,0
-0.2073863588112180,0.6803435094584330,2.6646301458133300,0
-1.132802865453940,0.8548911654998190,2.872508786593920,0
0.32885786132057200,-0.46875531534761200,0.44546708701495000,0
0.30496080835943700,0.4796416209846780,-1.1599653457509700,0
0.17440446629336200,1.5724645215622200,1.2812295469086100,0
2.770247351601260,0.9314149552831080,1.829566416672990,0
3.1434206123277500,-0.8292116531069960,0.2196471618648170,0
0.8043396236568010,-1.4250602886507300,0.17648403816895900,0
0.5833042639053570,-0.9481724340794010,-3.0833975759867800,0
-2.337815852228680,1.1789251840634700,0.2807524178961090,0
0.9710230495707360,0.6157422565449910,-0.1708611317623450,0
-0.3759534012190670,0.9407906197822170,2.768261497109550,0
2.0298604863207200,0.28013605382081700,1.7260170058802300,0
0.4431567887198890,-1.3360534836009800,0.06288593366204250,0
0.07691075712430470,-1.448386959624970,0.6629161338852520,0
-0.4669899809739560,-0.6401051225267780,-1.8247680018484700,0
-2.2550062545614100,-0.9833982199281400,0.5826633739312750,0
-0.03184279288787100,-0.2968217026829890,-0.850708785190099,0
0.784540579847441,0.18704541230798400,-0.779777071754888,0
0.3574934573427090,-0.908904547939424,-0.49992237195718000,0
1.2328618997926200,1.6732014380527400,-1.9249790901670600,0
-0.6613112324331510,0.7017802933204220,0.6162289692335670,0
1.0634693101630000,-0.8802188773237450,1.1018771932131500,0
1.8336753012682700,1.5415624430833100,-1.6646212996489200,0
-0.21869872109670200,0.7678494026668220,0.5308926804352140,0
-0.7952741924488920,-1.1699086495473800,1.7015676147737600,0
1.1105711811185700,0.8832288545776110,-1.3283057018973000,0
-0.7665414183935580,2.0041242902351900,1.2211201564605700,0
1.0905655246500000,1.228012480393100,0.029704480830095700,0
1.6047612271883100,-1.342185729548340,0.3177563411172820,0
1.121071994574300,-0.21360524023088100,-1.417899620956600,0
-0.28400293726504700,-0.16831161216926900,-0.04886010941932860,0
0.34052526041408400,0.11658442327635500,0.3146171132342150,0
0.5661406921134140,0.33856839553147800,0.6418320269022820,0
0.403938381217652,-0.020503720100239600,1.4859093574429600,0
0.2757519631848890,-1.1301691917002600,0.9945874282491680,0
1.1023548948491600,0.760637857397055,-0.5240290150321950,0
0.40273680946980500,-0.023453456425869500,-1.0117137939994500,0
-0.539067949017451,0.7920710615421510,-0.10622024601284400,0
0.7310728534160880,0.8741933248664260,0.4562587762432120,0
2.8654167896143200,1.890370660009070,0.4334761478124720,0
1.2918883648173600,2.0840845316814500,3.6217441808106000,0
4.128646751865900,-0.5943564977715470,3.231299455214280,0
4.914058424592570,-0.1378015228994140,2.1675197234324700,0
3.0764958473033700,0.5288014191942700,0.1312429814452410,0
0.896177414794954,-0.48356617889219,0.5153169931778050,0
-0.13514606466277800,1.325544932025230,-0.5085970040518970,0
0.03911158221132900,0.17966922477061500,2.1944747692896300,0
1.3371830779784700,0.8266548317225770,1.0824796848804900,0
2.5151764208355400,0.1873716457084170,-0.7700825827045380,0
1.060095384828020,0.37180279000904200,-0.29117839680712400,0
-0.023093126814965500,0.1253186216673450,0.32999412734118700,0
1.1416410424907900,-0.17451221472417800,1.0362589582117700,0
-0.819073885800051,0.24713694863402700,-1.3005685574030300,0
-0.1965426428460350,2.5967877940726200,-1.300243046904790,0
0.7622645450224700,0.051552855722549200,1.6685316368693000,0
2.005253242524850,-0.792183203339847,0.6469188803485590,0
0.08741145364905870,0.8684462909598180,-0.7466472528424000,0
-0.8081383570241820,-0.12607589301141500,-0.4248121302356950,0
-0.7217783486875030,-2.04018846269733,1.656417386161480,0
1.2714809774540300,-0.5736949950556700,-2.729077479411190,0
-0.29736507747560500,0.15788120497143400,-2.2711682104331700,0
-1.2152055715086400,-0.20801834792014500,-3.293236775117880,0
-1.971896561300370,0.6945134510912080,-2.3392072745207000,0
-2.3671961429481000,0.2672941945141880,-0.9514291771668730,0
-1.2323230779131700,0.9011356317697890,-0.09804547530953590,0
-0.7239796386372440,-0.678858147981498,0.3838858540026010,0
-0.7496319887924090,1.6794049442204000,0.14680218758764100,0
1.2660766647348600,1.9230285765255500,0.13412415764647900,0
2.370365883535810,0.48563914767093200,2.1087874845170900,0
1.3848589255319400,0.09465952291487480,-0.20025978993077700,0
1.3801491652942000,-0.006263149806819550,0.27882859679028900,0
-0.0007979719686223020,-0.005723770200153630,-0.04159048945657460,0
-0.3934551240798070,-1.3218117659853500,0.06799056737987250,0
1.0380555837606400,-0.8089705451516620,0.8941226322058040,0
1.0634324433269600,0.7459495936664020,0.19639835574429600,0
-0.11660393919848800,0.64956810534504,0.27358942821972100,0
0.3752549238892250,0.9455401468621400,-0.13162671163406500,0
1.269577218158790,-0.10680890419929700,-0.25240455855056700,0
0.4506980186250660,-1.0368275879453000,-1.2788860583939800,0
-1.7019966121823100,1.8820814833897300,-0.42990811652297600,0
-0.3789397121727190,1.1067357205448900,1.9930714886335500,0
2.0354434191870100,0.6289649038283300,1.6574584052625800,0
0.43753096820880300,-0.5387190094142190,1.401856647875700,0
-0.4609832065311350,0.6717591215679180,-0.045375676125553700,0
-0.5523032175425340,1.8352620161605300,-0.36196389621841900,0
-0.33823603390578500,0.1677069502171770,3.0537374841239300,0
0.6339387336597280,0.027330949575636700,0.4940895363425870,0
1.0266327850762400,0.8391759544611800,-1.2704923753574000,0
-0.632381121444316,0.493973177008854,0.8169922985301590,0
-0.19000466287352000,0.1692185853616830,1.4642383657605900,0
1.6143883782349900,-2.1822371552558500,0.45455264359513800,0
0.3941860779867300,-0.45188302658373500,-0.9675484638999150,0
-1.1003370163471900,-0.42722398431426200,-0.5225774416475280,0
-0.130526671648015,-0.8587627860223570,-0.5371329130206970,0
-1.4988592562328900,-0.2632687660749760,-0.7744634473477710,0
-2.2022762945428400,0.9501740081335220,0.1703837673881670,0
-1.7128968165824700,0.5476873186291940,1.0718041205407500,0
-1.962223702757490,-0.28423415532949500,1.044621393611470,0
-1.7757740067654600,-0.6012134659858320,0.6680601893812220,0
0.026947740919495600,-1.49383043363456,0.8207092666304750,0
0.9603050109426730,0.15396576373246400,1.3473559745115800,0
0.8592319361568180,1.028717395200690,-0.9850084580785200,0
0.4598611448937870,2.674603420151260,1.2934261142020800,0
0.46036779743959200,-0.7745956242159230,2.0701473128617700,0
1.6350317103373900,-2.1972994352170300,0.22225836696808700,0
0.26294154549662900,-1.4942482891002600,-1.3649412057602100,0
-1.1459989722745400,-1.0420784389177000,-2.128734679758340,0
-2.5908800915731400,0.005488827565106490,-3.274731365502320,0
-2.493424646322590,0.5928289899469800,0.008378070806816300,0
-0.56772667261369,1.4203159859229300,-0.7718478773428000,0
-0.9414419592769070,-0.3719646088837250,-0.9297913777945970,0
-0.3623061420671520,0.6815872625565170,-0.6308968185834780,0
0.7025687476257500,-0.01344528131375770,-0.06516162050993650,0
0.7902558813288810,0.3467938916554830,0.9156191101663940,0
0.09243935398326300,-1.359422735732660,-0.356304501259591,0
-1.1678483527901400,-0.046921937886961600,-0.44302036661897500,0
0.31191656529279600,-0.8256660797596300,-0.5557624072808400,0
-0.856824090854674,0.13824574987834700,-0.6291368819330440,0
-0.31587132566298900,-0.7661463295022410,-1.118869112840820,0
-0.938838760329642,-1.3058884515349600,0.6256141832656780,0
0.4037136048251490,-1.620882094046760,0.26298357105454600,0
0.03861218544486480,-0.4106995538670820,-0.22361105464686800,0
0.3343260479906260,-0.6217391747606970,0.03564323546966570,0
-1.3843043672238400,-1.5298220527541500,0.08889404321762500,0
-0.5917752072921100,-1.4218581667366500,-1.0974262865187600,0
-0.3472078076959150,-1.4526667877442600,-0.4842792927814710,0
0.7327142811418930,0.12412807362120600,-2.479697703701390,0
-0.748179591888189,1.0453952578084900,-1.3116630482293100,0
-1.740688992928260,-0.728700526923126,-0.4338844229830670,0
-1.5092380009799800,0.3447214109571640,0.348467414390889,0
-1.7652864811633200,0.6431492670827140,1.076119729713830,0
0.5094267558394110,1.2504694971248700,-0.36852642007761100,0
-1.0313386617324100,1.3676773119190900,1.910116042277550,0
-1.1533875910632400,-0.4528551068214230,2.524303840402090,0
0.7860120048542970,0.6836947348963080,0.494354413015914,0
1.2136356740603200,-0.9059211770419390,-0.04929847240839470,0
-0.19634140014430200,0.09642604325019060,-0.08276799375826790,0
0.1296844624570170,-0.38741780656665600,0.07221477902191680,0
-0.12247935178120500,-0.07048365516628370,0.07826599619134090,0
0.2151295535698910,-0.11341328763695500,-1.3398828263739900,0
-1.4867722287245000,-0.3492666602048730,-2.0052820767918000,0
-0.5757778446593800,0.1520837969583620,0.9059904530109700,0
1.1446197884080000,0.3508607074958970,1.0623773401908900,0
2.2883089582471000,-0.32383304084932800,0.8942929711117460,0
1.3124563896357800,0.07853186442755190,0.2437041413266760,0
0.9629799528325380,0.9627743247439490,1.8887475147191700,0
1.0407984249188200,-0.6440035142811960,0.9077600691943600,0
1.7794156857247700,-0.28057332311060900,-1.5997388395470100,0
0.37813394172055600,-0.42232889505659800,-1.1376193531059500,0
-0.6357408183240160,-0.9457074089043610,-0.9562790088727590,0
-0.091413785585304,1.7265243241810900,0.6477116231361370,0
-1.3025188250919000,0.5171300074672840,2.438853128046580,0
1.664217462337680,-0.21111825693292200,0.5798389089925540,0
2.3870451609813200,1.1280319799698200,-0.6571833700417220,0
1.1184574611459600,0.6138520081396410,0.6549021552381530,0
1.5967114877694800,0.6022642450435040,-0.4223592021863850,0
-1.047650638340510,1.18811210624686,-0.19701581234972500,0
0.13021141374396700,0.6407837647967830,3.220125609141610,0
1.3423294036664700,0.7694193627811550,2.242932026021430,0
1.5655880289181200,0.4585786254824740,0.917698791193907,0
0.7921739708559770,0.06801372919653660,1.1644997284742200,0
1.905715326321830,-1.2086968606820200,1.3217086264662600,0
1.9223163202565100,0.5713856808489520,-1.4773195160315400,0
-1.0271715666745000,0.0656759184598855,-0.7639490995601940,0
-1.1201696028489000,-0.10709420271480200,1.4473038862349900,0
1.164349041783300,0.335099241785238,-1.2352523841108800,0
1.67605038857905,-1.8936019911945300,-0.6028333939288360,0
1.0485027670001900,1.7936177819482400,-1.0714546195135000,0
-0.5181376263133850,-0.4615876738181360,2.85133428178644,0
0.7573064591827840,1.752975610698420,1.2358120349307200,0
1.1529315678549700,1.1765386871458100,2.9486779561169900,0
2.6110188217096500,-1.4493203329824800,2.9248122317684100,0
0.17888538574385200,-0.2645045640606660,-1.2076692094988200,0
-1.1770254684366500,-0.7731590686339640,-1.052655551850430,0
-0.8331194804566860,-0.7938850641609910,-0.4418525150113850,0
-1.0424491196281000,-3.075631432192270,-2.2907148812532900,0
-2.3985911942312300,-1.6436189096022000,-4.102667390146720,0
-3.6075013896424300,-0.09453722005010130,-2.614779938051270,0
-1.5926812646290300,-0.3521354612707640,-2.0102049114951800,0
-1.6018579167433400,-0.12562355985375800,0.02439224625783140,0
-1.0816579507555900,1.0803143130595100,-1.454531336583350,0
-1.5440473109447700,0.43690709577818500,2.8580950813218900,0
1.6215540065101600,-1.3134450226111600,1.843266674984560,0
3.2115052707241400,-0.911662188341922,-0.13813451736755300,0
3.4937872654092000,1.6043477681133700,-1.4300548613076700,0
0.07902533661871310,2.0163002934071100,2.0695625987927400,0
-0.10796020408736400,1.284297710759270,3.876268942761120,0
4.589652101443720,-0.5096168594755900,1.5465276129302600,0
4.372116395894100,-1.1737488487736600,-0.00847758589753124,0
1.6322052953543900,-1.0137727245364700,-1.6777067359403500,0
-1.1156485350916400,-0.5647799257118150,-1.7742514529003000,0
-2.0385224058050700,-1.7070938485287800,0.7543973238036670,0
0.12254876933065500,-0.1827428364411520,-0.16648194271444200,0
-0.9812294340976770,-0.005231462203721620,1.3436864264196600,0
1.7521039898265300,-0.2180437777067370,1.2873098528479000,0
1.3079705571072100,0.5061075215156930,0.3946620916032230,0
-1.6565697659177300,1.8661063582893700,1.2005047630193300,0
-0.7596329731712710,0.3278343293087780,1.7927489163363700,0
1.521666556909400,1.3143758510042400,1.948776364374670,0
2.4338274448528600,-0.6905977537999420,2.396464789402270,0
2.6438244970175500,-0.30820016527529800,0.07901678347582940,0
2.0340742102561300,0.7143674611613900,-0.2012810921479090,0
-1.1927986997458400,-1.4994172946859600,-0.9622124592580710,0
-0.9892171714635790,-0.004684839041658450,-0.7509424107710310,0
0.715174340316742,0.47982703386315000,-1.7916535165601700,0
0.8392554683046980,2.331221563195740,0.9696696696706250,0
1.5247816151404600,2.383729918527390,1.6463961277323800,0
2.439150545785780,1.0120005333202100,2.267521794094180,0
-0.4472363988159620,-0.891556452752624,1.9987623216894400,0
1.7591688841839400,-0.47561604790032400,0.5347893441361980,0
0.6823638590758690,-0.334134337946568,-0.9004504254668260,0
-0.2456091613375270,0.5089754134024100,0.1837933377711500,0
0.5746278888425470,-0.3224988119284120,0.02116288004059150,0
0.20271218531940600,-0.7687493508867400,-0.8005091899241180,0
-0.056682065347229300,-0.7513434921082050,-1.0108006828139100,0
-1.4593153375748500,0.277380046135639,-0.6766511032042820,0
-0.5090254069834910,-0.47061880046054200,1.1919545639026300,0
0.7137523180236880,0.17521037012428200,0.7657025244941170,0
2.808353204361550,-1.9187104955504100,0.6179331638160020,0
1.0618189954381900,-1.4490073696102800,-2.9723255418868700,0
1.0866969558579100,-0.3779427041916510,-0.6199781029915410,0
0.9656844729158330,-1.0517584443655500,-0.2052641570906360,0
0.7435430499761700,0.12124593895865600,-0.1404058102729630,0
-1.173240184970650,1.1201334861259900,0.7169326155181180,0
-0.24180528551255700,1.69494591062195,1.9219957067177900,0
0.9743055305347740,1.7473596925514300,2.06793135313523,0
2.435751657419670,1.4460799911625900,0.2649137269917300,0
2.962182718811660,1.3985682998248700,2.0356484577989100,0
1.7843113428431100,1.473995670606840,-0.46810500386272700,0
0.3490986713089680,0.2796116575642820,1.8764941131968000,0
-0.11171769929563600,0.14895434314879300,0.7891206794339300,0
0.00857814491179687,-0.800811684529304,0.5693673867741330,0
-0.7932370083103570,-0.5104187444208610,-2.373409219951300,0
-2.659574275604080,-0.8496463463850900,-0.3756586480001100,0
-1.9992643748251300,-1.2361515375506300,-1.1491881286639900,0
-0.4784445574129940,1.3232294908061300,-1.076518654133180,0
-2.0573185067560900,-1.001143970729240,0.4729438738114560,0
-2.55055140584352,-0.10076582021716900,-0.05042385437841160,0
-2.9633866871627000,-0.48021437198626900,-0.14674457491146600,0
-0.38433229204416900,0.41651222912060000,-1.417004167828780,0
0.7336898003229590,-0.8788898825788310,0.25696434414602900,0
0.4781919256939760,0.31092559280507500,-0.3151603737341530,0
1.463180223116400,-0.37786610897199900,-0.9175424339916310,0
1.9143647121760400,0.5601933476628210,-1.7614054806925400,0
-2.1050440182376500,0.9967813268123740,-0.678317526477265,0
1.1166222905892700,0.9562147528287880,0.8436875491695550,0
1.8833884729105700,1.9860895678107400,-0.21537033953170900,0
-0.42524537352167500,0.05726047919757490,2.1909978408193600,0
-0.26233519767669900,0.052547507410403700,-1.242659232820820,0
-0.5109316740645200,0.4114834694621790,-1.170896606650270,0
-0.8165904303215770,0.8396107039933890,-0.9376216459395440,0
-0.21157543203078200,1.679360098883160,1.7755770475745200,0
-0.2950101900846610,0.5622614837154100,1.4485486336359000,0
0.5208568967925630,1.0965360084869700,-2.290361306723380,0
-1.7142571054329800,-0.24935068828765700,0.914294831684523,0
1.8564804815702200,0.47010484723895600,1.1931878568047900,0
1.9360438047388100,1.347063855336150,0.6758368373445970,0
1.3996269628517000,2.01041937021102,2.662064684668530,0
3.6364476421107300,0.40466594862659300,1.8090840809874700,0
2.6641532609350600,-1.448925617956820,-1.3142052416287400,0
0.930984191189249,0.34338061159481200,-1.773031742951480,0
-2.258637649190660,1.8955451471344700,-1.4444081210598800,0
-0.5479870396150730,0.6518712282315580,0.9814883316008230,0
1.6029043798557600,0.48179776348992500,2.7601916195754300,0
-0.15877610390696200,0.0649440156889434,1.5146984752807400,0
0.6726856902850640,1.5983061535868000,1.6728086035129700,0
1.3046280584475100,-0.6005282770188680,2.4233542841505500,0
1.7331803042457000,-1.4388519237499800,-1.0293510124564400,0
1.023246698947670,-1.2811815240064800,-0.3129456156112660,0
0.5632408160000180,-1.0518739184601100,-1.4894456781809300,0
0.9662853248753050,-2.8911965030639000,-1.0819829973400700,0
0.11020751962477800,1.018771435236040,-3.615645554837980,0
-1.2615038519145900,0.9284830949769690,-1.203788249462940,0
-2.1641850484966800,-0.14261295082353700,1.2858984816064200,0
-0.105801389829927,-0.24933990316801900,0.6392861604603780,0
1.0010604420485200,1.1252880373400600,-0.5878713313097660,0
-0.026508985823673700,0.952173118019199,2.204097707560470,0
2.5425106404128700,3.031218474109870,0.3377607967626290,0
1.967860881847360,-0.85601329880509,2.336014036658930,0
2.7325107274120600,0.5676664214214530,-0.7785365264412200,0
0.3098830387462530,-0.0075554724736454900,0.6696276611400520,0
-0.7503021831412970,1.2725260346907600,-1.3023497104822600,0
-1.5100241842649000,0.8381847187607790,0.7715667418031170,0
-1.5393874758700700,1.1237371400044700,2.8792112428332200,0
3.9224847104537900,-0.31802485064858600,1.9849767694660900,0
3.561613054016010,-1.4669471889987100,0.27981478251072500,0
3.337693237682140,-1.2616905963934200,-2.2222486712791400,0
0.7008243186383200,-0.4829088594636620,-2.5873248378139000,0
-0.9317533699854150,-0.522197612533245,-3.2375988095275600,0
-3.3284866573970700,-1.0567586223842100,-0.48169500329560800,0
-1.979979275480890,0.6498570569898970,-1.0749614485902600,0
-1.9874274847777400,0.20694082487335300,1.0570319816903400,0
-0.5576813055639450,0.011305609128386200,-0.48449215535776200,0
-1.1189216817999400,-1.1189642032323400,0.7959566323449580,0
0.2481778717293450,-0.3900822479183740,-1.537450571458560,0
0.5188835083647270,0.615563548340357,0.2318445321571140,0
1.6179236748906100,-0.7574395533233170,0.5841462618131070,0
0.6593781239023750,1.4613274240186200,-0.8818002300787980,0
0.0684311642897667,0.5939840794577630,-0.5157405696813950,0
-1.4403965930357700,-0.49169885385045000,-0.5426711805447850,0
0.10997782109181700,-1.3603148298879600,-0.03803211826518700,0
1.1446815872643400,-1.0351497099860200,-1.217369001498200,0
1.7285043677345800,0.18929504488256800,-0.051742398114177100,0
0.055136776766347100,0.4333789279392610,0.23422543887870200,0
-0.14127547788328700,-0.9893846907230780,-0.024283924212414000,0
0.23270671231026400,0.4743817579983660,-0.553800664080674,0
-0.8267834940438460,0.9108190418025280,-0.11876517732164900,0
0.7811372517656460,0.9669715466114680,0.9213374924566280,0
0.8448093275625820,0.5151591723522170,1.4360131486556000,0
1.370463534685730,-0.6571925120149390,1.7119632607824000,0
0.7470410512868680,0.8432264323249890,0.7244129543391310,1
-0.3570274896999430,0.9776463751262550,0.6943038822394100,1
-0.7436421850170380,1.094525020267430,0.17225366831872700,1
1.0794213158190200,-0.4526923368436080,0.21762807473813000,1
-0.41155453339680400,1.5429789501057200,1.745482874171730,1
0.06278739671392140,1.2218416644224900,-0.5710998507585330,1
2.0121471114740300,1.9288488856089800,-2.5913042349560600,1
2.520120002319920,-1.809178626395730,1.2678115201898700,1
0.45706840754403800,-0.4197782406087040,2.080447131274000,1
0.6381458806078390,1.6181096258278500,1.4863567540381300,1
-1.0382191820054300,2.909544612173660,1.6662955368118700,1
0.49959082648321500,1.7088254292445000,1.682669250432180,1
0.12703281556655000,2.0986953780537000,-0.2412341637584910,1
1.3424127662382200,-1.3909485133598000,-0.7980138312163990,1
0.8681864803137540,-0.3913146403790580,1.4173245933493100,1
1.1207421242008800,-0.23244778435097900,1.6278448887263400,1
1.6532046177311400,1.776776575935080,1.5253518778861700,1
0.26027044137295900,1.845297830239300,0.7287806362702310,1
1.3747683789089800,-0.1932874519816120,-0.41034097817761600,1
0.04864833791858700,0.8722586682165790,-0.5753055248785380,1
-0.8709553955823620,-0.33027831149662700,0.5901259230647580,1
2.135936151773710,-0.3093488220743120,0.18285972161583400,1
-0.08180435995126770,-2.2198716667247000,1.5232809128198500,1
-2.340506451519800,1.0527190128848000,1.1491285038724300,1
-1.1004669305410200,2.698271243466650,-2.4095218597940600,1
0.07975826840822110,-2.123915146210950,-1.6407693852147200,1
-0.9298661131674730,-1.5682792942473200,-2.0282056052754500,1
0.5737155758746410,-0.5158129228437110,-1.0457073723502000,1
-0.692107759809108,-0.29022757705256500,-0.6442376242926860,1
0.5281190566042160,-2.4430757298593500,-0.6231101038600190,1
-0.805774636277643,-0.6464493307242200,-0.27830960095436100,1
-2.045611006264200,-1.9721549768280700,-0.3990902168799740,1
-1.7297107293488200,-0.1995227128189500,-1.0665724183211200,1
0.7613070040404450,0.5629086102172620,-1.408087232449070,1
-1.1751069973968200,-1.694057685119050,1.201053822276010,1
-1.4030361914268800,-0.9148079728895080,-1.108655899482940,1
-1.2800208928617000,0.21184988295988400,-0.9208237398029490,1
-1.759235114715000,0.8399292371626890,-2.146664259697500,1
0.09097402743662000,-1.1077180193728100,-1.3776967596304400,1
-1.4933180058674600,-1.2922678745930600,-0.5324014338961350,1
-0.5679809330596990,-0.016696002194389500,-3.0255793733399300,1
-0.7187925392328970,-1.4090068570286800,-2.7005629250610100,1
-1.580610325008370,-1.6228170107169300,-0.7937197061273260,1
-1.0471272969151500,-0.8759860756152600,-1.041581117144230,1
-0.7674048845123380,-0.8325188453236690,-0.6945682522804420,1
-0.8591702329820100,-0.4329520247265600,0.690401597905333,1
-2.5675073627776800,1.0674747889313700,-2.153525354104220,1
-1.8487607354897200,0.6720835009107020,-2.976359867380750,1
-0.33871906064916300,-1.1308732196439100,-1.5631627697497700,1
-1.9515172085810500,-1.3634206319315300,-1.366879866020810,1
-0.7435201325969190,-1.085316960416280,-0.4926196877579530,1
-1.1607616993457500,-0.33071191026512300,-1.3938535495453200,1
-0.06548556333027590,0.09136199224633620,-1.6056315313607400,1
-1.914444363506860,-0.6933421697573520,-2.533630053104060,1
-0.7618990487210590,-2.1417420554951000,-1.8025886093053300,1
0.042664681050315700,-2.665375798688390,-2.8212806574223700,1
-0.674182295428587,-0.6043399723598510,-1.9454511675550400,1
-1.8170298260931300,-1.7671951378939800,-1.9335010016178700,1
-1.0727279357734800,-1.6199766467458500,-3.1181627487459800,1
1.0545784635034900,-3.43315191726728,-1.8138200942646800,1
-0.5806463533760710,-1.5805671447475400,-0.40866355446185700,1
-1.2630018840603100,-0.845042625887694,0.8932665390283920,1
-0.8671696206976650,1.2562275483067600,-1.5748047752091400,1
0.3997240575632290,-0.3491059719626150,-0.7782203840258390,1
2.2563256186682800,0.11388538138875000,-0.2854236694942460,1
-0.46945549639538400,0.7188325669042670,2.4667949763654500,1
-0.5009448357861360,-0.2844321792152610,1.4704477798316500,1
-0.2864308576890910,1.11492544917705,-1.1478420509687500,1
0.36248544509451500,-0.3336608513108540,-0.031766214070929200,1
-0.8821864033014390,1.277583720635170,-0.6308380722655530,1
0.31474370831656300,-0.6127009856462520,-1.3292779266416200,1
-1.1048934868571300,-0.5875111207115140,0.27494568015034800,1
-0.5733402622052560,0.7694084695512030,-0.14783635006807300,1
-0.1491972129248390,1.2767930045071000,-0.5455755550029930,1
1.1801492281126700,-0.20461286234911400,-0.5391483973363430,1
1.6816602542219600,-1.348844132795610,0.12488125802939400,1
-1.679331041367280,-1.1522563264193500,0.21597409199013700,1
-1.8323235043121300,-0.39107439982787700,-1.6222063657148800,1
0.06993804879868090,1.1087338639155100,-2.479416963319620,1
1.327932441984400,-0.9675474973579640,-1.3546868334670900,1
0.012186571374775000,-1.8837927569775800,-0.06946143963342,1
1.4408837538604300,-0.004022883539943290,-1.1827737283934400,1
0.007889049361275440,-0.4009482948019530,-0.544953021747798,1
-0.5335198160270400,-0.5727518559265910,0.7768100114654950,1
-0.0954744475486069,2.2924353886985600,-2.629385373808730,1
-0.7093090980691420,-1.1100377935744300,-0.8182742710792630,1
-1.5530129774741400,-1.8431041683480100,-0.07928701393887210,1
-0.8455006895069610,0.22109314922052100,0.1985823685026640,1
-0.5056236200181730,-0.6631753311293430,-0.3076837990659450,1
0.5698617680089540,0.016750799993214800,-2.061174490927820,1
-0.09062467784698030,-1.7717750002155500,-0.8541199083919880,1
-2.1121721891316600,-0.7464323252560220,0.8309712270198200,1
-0.824655750735978,-0.6362392694680790,-0.11893347236489500,1
-1.2247887094032900,-0.38119967888655300,0.14088256590024300,1